item,length,demand
1,49,729
2,56,913
3,25,1009
4,17,452
5,20,1082
6,35,613
7,30,668
8,27,1293
9,43,324
10,57,1369
11,27,1204
12,18,1077
13,17,814
14,56,404
15,43,538
16,21,339
17,38,1193
18,48,898
19,36,448
20,36,482
21,39,1399
22,19,208
23,23,1162
24,44,1327
25,17,396
26,20,811
27,35,1337
28,25,623
29,42,1187
30,41,921
31,14,474
32,12,297
33,51,298
34,22,313
35,21,764
36,25,853
37,45,1064
38,60,750
39,53,545
40,34,236
41,55,1234
42,15,777
43,17,1028
44,13,233
45,12,410
46,43,1437
47,37,341
48,34,629
49,12,1173
50,40,1282
51,14,760
52,29,1475
53,28,946
54,18,442
55,60,570
56,43,805
57,39,1395
58,27,457
59,49,1496
60,45,854
61,18,1345
62,48,367
63,34,398
64,53,896
65,27,1079
66,11,1311
67,48,1209
68,49,597
69,36,287
70,52,1462
71,33,424
72,57,851
73,31,1123
74,18,1070
75,26,282
76,13,257
77,16,352
78,34,1260
79,39,618
80,24,470
81,38,1314
82,39,352
83,55,1404
84,45,810
85,51,644
86,43,854
87,21,687
88,59,1032
89,36,1318
90,25,744
91,29,928
92,15,1174
93,53,1242
94,41,1013
95,42,710
96,43,1439
97,21,1198
98,11,1025
99,54,360
100,50,513
101,19,1394
102,12,1365
103,50,282
104,47,726
105,22,601
106,29,932
107,10,276
108,28,1429
109,33,706
110,30,1107
111,35,910
112,14,627
113,26,567
114,39,305
115,33,319
116,16,1319
117,11,535
118,57,879
119,44,205
120,57,967
121,35,1193
122,56,703
123,34,1143
124,38,1335
125,35,217
126,21,799
127,60,800
128,56,251
129,51,1077
130,20,775
131,31,1005
132,40,276
133,56,381
134,15,566
135,52,956
136,28,1167
137,53,416
138,45,1357
139,48,548
140,29,1257
141,57,452
142,38,883
143,10,890
144,32,528
145,49,327
146,60,949
147,16,929
148,52,725
149,14,1206
150,35,1200
151,49,716
152,19,1195
153,41,948
154,14,658
155,20,1398
156,10,1373
157,30,1215
158,38,1117
159,33,1303
160,25,1313
161,47,1273
162,16,752
163,43,1318
164,52,736
165,41,1229
166,34,1175
167,44,896
168,19,1155
169,56,310
170,24,759
171,21,1025
172,17,767
173,60,203
174,53,914
175,34,450
176,53,579
177,37,783
178,31,561
179,38,558
180,49,211
181,17,594
182,31,1022
183,58,809
184,13,1340
185,59,1343
186,57,1464
187,25,309
188,55,864
189,21,740
190,44,1236
191,18,1104
192,46,263
193,34,430
194,35,204
195,35,296
196,44,471
197,11,898
198,17,381
199,60,1180
200,46,761
