n,    linear-solver(np)
1000, 0.0382  
1000, 0.0347  
1000, 0.0345  
1000, 0.0362  
1000, 0.0352  
1000, 0.0340  
1000, 0.0334  
1000, 0.0350  
1000, 0.0346  
1000, 0.0329  
2000, 0.2542  
2000, 0.2558  
2000, 0.2549  
2000, 0.2527  
2000, 0.2593  
2000, 0.2774  
2000, 0.2234  
2000, 0.2154  
2000, 0.2219  
2000, 0.2286  
3000, 0.8295  
3000, 0.8690  
3000, 0.8799  
3000, 0.8931  
3000, 0.9385  
3000, 0.9773  
3000, 1.0066  
3000, 0.9337  
3000, 0.9114  
3000, 0.9982  
4000, 2.1025  
4000, 2.1115  
4000, 1.9168  
4000, 2.1535  
4000, 1.8558  
4000, 1.8386  
4000, 1.8478  
4000, 1.8068  
4000, 1.7775  
4000, 1.7880  
5000, 3.0795  
5000, 2.9980  
5000, 2.9116  
5000, 3.3886  
5000, 3.6646  
5000, 3.6531  
5000, 3.0212  
5000, 2.8605  
5000, 3.5787  
5000, 3.6770  
6000, 6.3287  
6000, 5.8618  
6000, 6.0113  
6000, 5.5318  
6000, 5.0944  
7000, 8.9712  
7000, 7.8525  
7000, 9.3783  
7000, 8.6754  
7000, 9.0879  
8000, 13.6531  
8000, 11.4355  
8000, 11.5186  
8000, 13.6048  
8000, 12.9920  
9000, 19.0427  
9000, 16.9515  
9000, 16.9158  
9000, 18.7838  
9000, 18.9372  
10000, 22.7678  
10000, 23.7529  
10000, 25.1562  
10000, 22.0522  
10000, 24.5121  
11000, 33.4967  
11000, 31.3913  
11000, 33.6716  
11000, 29.9923  
11000, 33.2554  
12000, 42.5563  
12000, 45.5129  
12000, 42.2822  
12000, 45.3629  
12000, 49.2495  
13000, 61.4134  
13000, 61.3628  
13000, 55.2618  
13000, 58.2038  
13000, 62.7694  
14000, 73.4325  
14000, 74.2472  
14000, 71.3499  
14000, 68.0498  
14000, 67.3786  
15000, 80.8222  
15000, 85.4750  
15000, 81.8653  
15000, 80.8979  
15000, 81.7908  
1000, 0.0464  
1000, 0.0283  
1000, 0.0311  
1000, 0.0276  
1000, 0.0356  
1000, 0.0328  
1000, 0.0340  
1000, 0.0302  
1000, 0.0284  
1000, 0.0285  
2000, 0.2610  
2000, 0.2175  
2000, 0.2171  
2000, 0.2172  
2000, 0.2164  
2000, 0.2156  
2000, 0.2231  
2000, 0.2132  
2000, 0.2156  
2000, 0.2167  
3000, 0.7689  
3000, 0.7380  
3000, 0.7583  
3000, 0.7351  
3000, 0.7277  
3000, 0.7622  
3000, 0.7930  
3000, 0.7466  
3000, 0.7711  
3000, 0.7581  
4000, 1.8648  
4000, 1.7681  
4000, 1.7184  
4000, 1.7115  
4000, 1.7170  
4000, 1.6967  
4000, 1.7351  
4000, 1.7343  
4000, 1.9629  
4000, 2.1543  
5000, 4.6652  
5000, 5.4800  
5000, 4.8513  
5000, 5.8120  
5000, 4.9145  
5000, 3.6192  
5000, 3.0612  
5000, 2.9570  
5000, 3.1919  
5000, 3.0265  
6000, 5.0572  
6000, 4.8583  
6000, 5.2539  
6000, 6.1492  
6000, 5.3847  
7000, 10.8736  
7000, 9.2785  
7000, 9.2102  
7000, 7.7489  
7000, 7.6829  
8000, 11.1748  
8000, 13.2516  
8000, 12.6518  
8000, 13.4167  
8000, 11.8751  
9000, 16.1449  
9000, 17.6500  
9000, 18.2303  
9000, 17.6158  
9000, 15.5487  
10000, 24.4857  
10000, 25.0487  
10000, 21.9173  
10000, 24.0603  
10000, 25.3297  
11000, 28.2928  
11000, 32.3220  
11000, 29.7981  
11000, 31.3575  
11000, 32.1487  
12000, 39.0211  
12000, 40.6351  
12000, 40.6468  
12000, 40.0712  
12000, 40.7980  
13000, 50.2856  
13000, 52.4749  
13000, 50.6903  
13000, 51.9323  
13000, 50.3427  
14000, 65.4136  
14000, 62.8255  
14000, 60.0024  
14000, 60.8378  
14000, 62.6800  
15000, 78.9046  
15000, 78.8317  
15000, 78.3844  
15000, 78.5481  
15000, 78.5543  
1000, 0.0519  
1000, 0.0359  
1000, 0.0332  
1000, 0.0348  
1000, 0.0340  
1000, 0.0333  
1000, 0.0345  
1000, 0.0348  
1000, 0.0340  
1000, 0.0326  
2000, 0.3035  
2000, 0.2461  
2000, 0.2407  
2000, 0.2541  
2000, 0.2482  
2000, 0.2534  
2000, 0.2593  
2000, 0.2638  
2000, 0.2521  
2000, 0.2527  
3000, 0.8822  
3000, 0.9214  
3000, 0.9209  
3000, 0.8759  
3000, 0.9258  
3000, 0.9376  
3000, 0.7852  
3000, 0.7875  
3000, 0.7682  
3000, 0.7693  
4000, 1.7852  
4000, 1.7498  
4000, 1.7389  
4000, 1.7479  
4000, 1.7784  
4000, 1.7593  
4000, 1.7623  
4000, 1.8154  
4000, 1.8209  
4000, 1.7401  
5000, 2.9076  
5000, 3.8827  
5000, 3.6433  
5000, 3.5663  
5000, 3.1587  
5000, 3.0070  
5000, 3.6135  
5000, 3.5487  
5000, 3.4424  
5000, 3.5589  
6000, 6.2461  
6000, 6.1261  
6000, 5.2208  
6000, 5.0273  
6000, 4.9215  
7000, 7.5304  
7000, 9.0973  
7000, 8.1883  
7000, 8.9276  
7000, 8.3923  
8000, 13.7885  
8000, 11.4034  
8000, 10.9925  
8000, 13.2874  
8000, 12.5642  
9000, 18.4799  
9000, 16.3985  
9000, 16.1948  
9000, 17.6636  
9000, 18.2874  
10000, 23.1254  
10000, 23.2916  
10000, 24.3208  
10000, 23.2176  
10000, 22.6686  
11000, 32.0042  
11000, 28.9990  
11000, 32.2775  
11000, 31.4357  
11000, 30.1030  
12000, 42.2262  
12000, 38.4596  
12000, 41.5861  
12000, 39.7853  
12000, 40.5181  
13000, 52.1408  
13000, 51.7790  
13000, 50.9033  
13000, 51.2203  
13000, 48.7040  
14000, 65.1499  
14000, 63.6884  
14000, 63.9797  
14000, 63.0011  
14000, 59.9360  
15000, 77.9762  
15000, 80.0545  
15000, 77.2667  
15000, 89.9439  
15000, 83.3154  
