N,check_indexability,number_of_updates,run_time,timestamp,platform.version
1000,1,0,0.22162413597106934,1642063317.25534,Darwin Kernel Version 20.6.0: Wed Nov 10 22:23:07 PST 2021; root:xnu-7195.141.14~1/RELEASE_X86_64
1000,1,2n**0.1,0.23418498039245605,1642063317.77783,Darwin Kernel Version 20.6.0: Wed Nov 10 22:23:07 PST 2021; root:xnu-7195.141.14~1/RELEASE_X86_64
1000,0,0,0.19893097877502441,1642063318.274768,Darwin Kernel Version 20.6.0: Wed Nov 10 22:23:07 PST 2021; root:xnu-7195.141.14~1/RELEASE_X86_64
1000,0,2n**0.1,0.21041202545166016,1642063318.770089,Darwin Kernel Version 20.6.0: Wed Nov 10 22:23:07 PST 2021; root:xnu-7195.141.14~1/RELEASE_X86_64
2000,1,0,1.8949449062347412,1642063321.87309,Darwin Kernel Version 20.6.0: Wed Nov 10 22:23:07 PST 2021; root:xnu-7195.141.14~1/RELEASE_X86_64
2000,1,2n**0.1,1.062479019165039,1642063324.073249,Darwin Kernel Version 20.6.0: Wed Nov 10 22:23:07 PST 2021; root:xnu-7195.141.14~1/RELEASE_X86_64
2000,0,0,1.1577861309051514,1642063326.360852,Darwin Kernel Version 20.6.0: Wed Nov 10 22:23:07 PST 2021; root:xnu-7195.141.14~1/RELEASE_X86_64
2000,0,2n**0.1,0.9690570831298828,1642063328.467398,Darwin Kernel Version 20.6.0: Wed Nov 10 22:23:07 PST 2021; root:xnu-7195.141.14~1/RELEASE_X86_64
3000,1,0,7.080976724624634,1642063338.340732,Darwin Kernel Version 20.6.0: Wed Nov 10 22:23:07 PST 2021; root:xnu-7195.141.14~1/RELEASE_X86_64
3000,1,2n**0.1,3.1229870319366455,1642063344.144762,Darwin Kernel Version 20.6.0: Wed Nov 10 22:23:07 PST 2021; root:xnu-7195.141.14~1/RELEASE_X86_64
3000,0,0,4.76816201210022,1642063351.609203,Darwin Kernel Version 20.6.0: Wed Nov 10 22:23:07 PST 2021; root:xnu-7195.141.14~1/RELEASE_X86_64
3000,0,2n**0.1,2.566112995147705,1642063356.844927,Darwin Kernel Version 20.6.0: Wed Nov 10 22:23:07 PST 2021; root:xnu-7195.141.14~1/RELEASE_X86_64
4000,1,0,16.957377910614014,1642063378.838417,Darwin Kernel Version 20.6.0: Wed Nov 10 22:23:07 PST 2021; root:xnu-7195.141.14~1/RELEASE_X86_64
4000,1,2n**0.1,7.549391031265259,1642063391.238728,Darwin Kernel Version 20.6.0: Wed Nov 10 22:23:07 PST 2021; root:xnu-7195.141.14~1/RELEASE_X86_64
4000,0,0,12.135226964950562,1642063408.179959,Darwin Kernel Version 20.6.0: Wed Nov 10 22:23:07 PST 2021; root:xnu-7195.141.14~1/RELEASE_X86_64
4000,0,2n**0.1,5.97905421257019,1642063418.964264,Darwin Kernel Version 20.6.0: Wed Nov 10 22:23:07 PST 2021; root:xnu-7195.141.14~1/RELEASE_X86_64
5000,1,0,33.65864872932434,1642063460.518779,Darwin Kernel Version 20.6.0: Wed Nov 10 22:23:07 PST 2021; root:xnu-7195.141.14~1/RELEASE_X86_64
5000,1,2n**0.1,15.248730182647705,1642063482.91958,Darwin Kernel Version 20.6.0: Wed Nov 10 22:23:07 PST 2021; root:xnu-7195.141.14~1/RELEASE_X86_64
5000,0,0,24.355180025100708,1642063514.55481,Darwin Kernel Version 20.6.0: Wed Nov 10 22:23:07 PST 2021; root:xnu-7195.141.14~1/RELEASE_X86_64
5000,0,2n**0.1,11.8580482006073,1642063533.542136,Darwin Kernel Version 20.6.0: Wed Nov 10 22:23:07 PST 2021; root:xnu-7195.141.14~1/RELEASE_X86_64
6000,1,0,59.311854124069214,1642063603.784602,Darwin Kernel Version 20.6.0: Wed Nov 10 22:23:07 PST 2021; root:xnu-7195.141.14~1/RELEASE_X86_64
6000,1,2n**0.1,25.983089923858643,1642063639.90086,Darwin Kernel Version 20.6.0: Wed Nov 10 22:23:07 PST 2021; root:xnu-7195.141.14~1/RELEASE_X86_64
6000,0,0,42.47238087654114,1642063692.744877,Darwin Kernel Version 20.6.0: Wed Nov 10 22:23:07 PST 2021; root:xnu-7195.141.14~1/RELEASE_X86_64
6000,0,2n**0.1,19.972429037094116,1642063722.936772,Darwin Kernel Version 20.6.0: Wed Nov 10 22:23:07 PST 2021; root:xnu-7195.141.14~1/RELEASE_X86_64
7000,1,0,93.69862508773804,1642063831.381216,Darwin Kernel Version 20.6.0: Wed Nov 10 22:23:07 PST 2021; root:xnu-7195.141.14~1/RELEASE_X86_64
7000,1,2n**0.1,40.72115731239319,1642063885.800548,Darwin Kernel Version 20.6.0: Wed Nov 10 22:23:07 PST 2021; root:xnu-7195.141.14~1/RELEASE_X86_64
7000,0,0,65.97396302223206,1642063966.199675,Darwin Kernel Version 20.6.0: Wed Nov 10 22:23:07 PST 2021; root:xnu-7195.141.14~1/RELEASE_X86_64
7000,0,2n**0.1,31.313775777816772,1642064011.768805,Darwin Kernel Version 20.6.0: Wed Nov 10 22:23:07 PST 2021; root:xnu-7195.141.14~1/RELEASE_X86_64
8000,1,0,134.97081112861633,1642064166.357359,Darwin Kernel Version 20.6.0: Wed Nov 10 22:23:07 PST 2021; root:xnu-7195.141.14~1/RELEASE_X86_64
8000,1,2n**0.1,60.34377121925354,1642064245.457745,Darwin Kernel Version 20.6.0: Wed Nov 10 22:23:07 PST 2021; root:xnu-7195.141.14~1/RELEASE_X86_64
8000,0,0,98.66608095169067,1642064362.874698,Darwin Kernel Version 20.6.0: Wed Nov 10 22:23:07 PST 2021; root:xnu-7195.141.14~1/RELEASE_X86_64
8000,0,2n**0.1,46.11265277862549,1642064427.473976,Darwin Kernel Version 20.6.0: Wed Nov 10 22:23:07 PST 2021; root:xnu-7195.141.14~1/RELEASE_X86_64
9000,1,0,199.65545177459717,1642064652.020929,Darwin Kernel Version 20.6.0: Wed Nov 10 22:23:07 PST 2021; root:xnu-7195.141.14~1/RELEASE_X86_64
9000,1,2n**0.1,89.38963723182678,1642064764.35042,Darwin Kernel Version 20.6.0: Wed Nov 10 22:23:07 PST 2021; root:xnu-7195.141.14~1/RELEASE_X86_64
9000,0,0,137.96544909477234,1642064925.78383,Darwin Kernel Version 20.6.0: Wed Nov 10 22:23:07 PST 2021; root:xnu-7195.141.14~1/RELEASE_X86_64
9000,0,2n**0.1,64.43624687194824,1642065013.495006,Darwin Kernel Version 20.6.0: Wed Nov 10 22:23:07 PST 2021; root:xnu-7195.141.14~1/RELEASE_X86_64
10000,1,0,277.5994851589203,1642065322.649287,Darwin Kernel Version 20.6.0: Wed Nov 10 22:23:07 PST 2021; root:xnu-7195.141.14~1/RELEASE_X86_64
10000,1,2n**0.1,117.47545194625854,1642065468.250469,Darwin Kernel Version 20.6.0: Wed Nov 10 22:23:07 PST 2021; root:xnu-7195.141.14~1/RELEASE_X86_64
10000,0,0,192.53087282180786,1642065689.490895,Darwin Kernel Version 20.6.0: Wed Nov 10 22:23:07 PST 2021; root:xnu-7195.141.14~1/RELEASE_X86_64
10000,0,2n**0.1,93.85558414459229,1642065812.886077,Darwin Kernel Version 20.6.0: Wed Nov 10 22:23:07 PST 2021; root:xnu-7195.141.14~1/RELEASE_X86_64
11000,1,0,358.03389716148376,1642066208.624854,Darwin Kernel Version 20.6.0: Wed Nov 10 22:23:07 PST 2021; root:xnu-7195.141.14~1/RELEASE_X86_64
11000,1,2n**0.1,164.34521174430847,1642066407.230135,Darwin Kernel Version 20.6.0: Wed Nov 10 22:23:07 PST 2021; root:xnu-7195.141.14~1/RELEASE_X86_64
11000,0,0,255.2783842086792,1642066697.933697,Darwin Kernel Version 20.6.0: Wed Nov 10 22:23:07 PST 2021; root:xnu-7195.141.14~1/RELEASE_X86_64
11000,0,2n**0.1,129.0261950492859,1642066861.191064,Darwin Kernel Version 20.6.0: Wed Nov 10 22:23:07 PST 2021; root:xnu-7195.141.14~1/RELEASE_X86_64
12000,1,0,471.04115295410156,1642067376.153085,Darwin Kernel Version 20.6.0: Wed Nov 10 22:23:07 PST 2021; root:xnu-7195.141.14~1/RELEASE_X86_64
12000,1,2n**0.1,221.60004663467407,1642067639.270461,Darwin Kernel Version 20.6.0: Wed Nov 10 22:23:07 PST 2021; root:xnu-7195.141.14~1/RELEASE_X86_64
12000,0,0,342.4942488670349,1642068024.629397,Darwin Kernel Version 20.6.0: Wed Nov 10 22:23:07 PST 2021; root:xnu-7195.141.14~1/RELEASE_X86_64
12000,0,2n**0.1,178.98846006393433,1642068245.889378,Darwin Kernel Version 20.6.0: Wed Nov 10 22:23:07 PST 2021; root:xnu-7195.141.14~1/RELEASE_X86_64
13000,1,0,656.744078874588,1642068957.044336,Darwin Kernel Version 20.6.0: Wed Nov 10 22:23:07 PST 2021; root:xnu-7195.141.14~1/RELEASE_X86_64
13000,1,2n**0.1,286.8422930240631,1642069292.887115,Darwin Kernel Version 20.6.0: Wed Nov 10 22:23:07 PST 2021; root:xnu-7195.141.14~1/RELEASE_X86_64
13000,0,0,434.24137806892395,1642069779.333953,Darwin Kernel Version 20.6.0: Wed Nov 10 22:23:07 PST 2021; root:xnu-7195.141.14~1/RELEASE_X86_64
13000,0,2n**0.1,274.83801436424255,1642070105.492654,Darwin Kernel Version 20.6.0: Wed Nov 10 22:23:07 PST 2021; root:xnu-7195.141.14~1/RELEASE_X86_64
14000,1,0,809.0956649780273,1642070983.898692,Darwin Kernel Version 20.6.0: Wed Nov 10 22:23:07 PST 2021; root:xnu-7195.141.14~1/RELEASE_X86_64
14000,1,2n**0.1,539.4996199607849,1642071589.289191,Darwin Kernel Version 20.6.0: Wed Nov 10 22:23:07 PST 2021; root:xnu-7195.141.14~1/RELEASE_X86_64
14000,0,0,521.4665520191193,1642072165.710844,Darwin Kernel Version 20.6.0: Wed Nov 10 22:23:07 PST 2021; root:xnu-7195.141.14~1/RELEASE_X86_64
14000,0,2n**0.1,267.79235219955444,1642072489.405433,Darwin Kernel Version 20.6.0: Wed Nov 10 22:23:07 PST 2021; root:xnu-7195.141.14~1/RELEASE_X86_64
15000,1,0,946.6445071697235,1642073504.2318,Darwin Kernel Version 20.6.0: Wed Nov 10 22:23:07 PST 2021; root:xnu-7195.141.14~1/RELEASE_X86_64
15000,1,2n**0.1,505.5485460758209,1642074076.276795,Darwin Kernel Version 20.6.0: Wed Nov 10 22:23:07 PST 2021; root:xnu-7195.141.14~1/RELEASE_X86_64
15000,0,0,730.1939821243286,1642074875.176472,Darwin Kernel Version 20.6.0: Wed Nov 10 22:23:07 PST 2021; root:xnu-7195.141.14~1/RELEASE_X86_64
15000,0,2n**0.1,443.3775911331177,1642075383.929585,Darwin Kernel Version 20.6.0: Wed Nov 10 22:23:07 PST 2021; root:xnu-7195.141.14~1/RELEASE_X86_64
1000,1,0,0.23208975791931152,1642409136.399353,Darwin Kernel Version 20.6.0: Wed Nov 10 22:23:07 PST 2021; root:xnu-7195.141.14~1/RELEASE_X86_64
1000,1,2n**0.1,0.2391831874847412,1642409136.927718,Darwin Kernel Version 20.6.0: Wed Nov 10 22:23:07 PST 2021; root:xnu-7195.141.14~1/RELEASE_X86_64
1000,0,0,0.18484020233154297,1642409137.407222,Darwin Kernel Version 20.6.0: Wed Nov 10 22:23:07 PST 2021; root:xnu-7195.141.14~1/RELEASE_X86_64
1000,0,2n**0.1,0.21339917182922363,1642409137.912649,Darwin Kernel Version 20.6.0: Wed Nov 10 22:23:07 PST 2021; root:xnu-7195.141.14~1/RELEASE_X86_64
2000,1,0,1.7843477725982666,1642409140.911706,Darwin Kernel Version 20.6.0: Wed Nov 10 22:23:07 PST 2021; root:xnu-7195.141.14~1/RELEASE_X86_64
2000,1,2n**0.1,1.0406131744384766,1642409143.088993,Darwin Kernel Version 20.6.0: Wed Nov 10 22:23:07 PST 2021; root:xnu-7195.141.14~1/RELEASE_X86_64
2000,0,0,1.2781660556793213,1642409145.522604,Darwin Kernel Version 20.6.0: Wed Nov 10 22:23:07 PST 2021; root:xnu-7195.141.14~1/RELEASE_X86_64
2000,0,2n**0.1,1.0152709484100342,1642409147.696057,Darwin Kernel Version 20.6.0: Wed Nov 10 22:23:07 PST 2021; root:xnu-7195.141.14~1/RELEASE_X86_64
3000,1,0,7.0678980350494385,1642409157.614812,Darwin Kernel Version 20.6.0: Wed Nov 10 22:23:07 PST 2021; root:xnu-7195.141.14~1/RELEASE_X86_64
3000,1,2n**0.1,3.079237699508667,1642409163.331143,Darwin Kernel Version 20.6.0: Wed Nov 10 22:23:07 PST 2021; root:xnu-7195.141.14~1/RELEASE_X86_64
3000,0,0,5.002650022506714,1642409171.023869,Darwin Kernel Version 20.6.0: Wed Nov 10 22:23:07 PST 2021; root:xnu-7195.141.14~1/RELEASE_X86_64
3000,0,2n**0.1,2.564897060394287,1642409176.39249,Darwin Kernel Version 20.6.0: Wed Nov 10 22:23:07 PST 2021; root:xnu-7195.141.14~1/RELEASE_X86_64
4000,1,0,16.995399951934814,1642409198.516706,Darwin Kernel Version 20.6.0: Wed Nov 10 22:23:07 PST 2021; root:xnu-7195.141.14~1/RELEASE_X86_64
4000,1,2n**0.1,7.4513938426971436,1642409210.774285,Darwin Kernel Version 20.6.0: Wed Nov 10 22:23:07 PST 2021; root:xnu-7195.141.14~1/RELEASE_X86_64
4000,0,0,11.609557151794434,1642409227.381779,Darwin Kernel Version 20.6.0: Wed Nov 10 22:23:07 PST 2021; root:xnu-7195.141.14~1/RELEASE_X86_64
4000,0,2n**0.1,5.556766033172607,1642409237.724214,Darwin Kernel Version 20.6.0: Wed Nov 10 22:23:07 PST 2021; root:xnu-7195.141.14~1/RELEASE_X86_64
5000,1,0,33.489542722702026,1642409279.119594,Darwin Kernel Version 20.6.0: Wed Nov 10 22:23:07 PST 2021; root:xnu-7195.141.14~1/RELEASE_X86_64
5000,1,2n**0.1,15.096735000610352,1642409301.47138,Darwin Kernel Version 20.6.0: Wed Nov 10 22:23:07 PST 2021; root:xnu-7195.141.14~1/RELEASE_X86_64
5000,0,0,23.75936722755432,1642409332.770152,Darwin Kernel Version 20.6.0: Wed Nov 10 22:23:07 PST 2021; root:xnu-7195.141.14~1/RELEASE_X86_64
5000,0,2n**0.1,11.898227214813232,1642409352.029132,Darwin Kernel Version 20.6.0: Wed Nov 10 22:23:07 PST 2021; root:xnu-7195.141.14~1/RELEASE_X86_64
6000,1,0,56.44804668426514,1642409419.858958,Darwin Kernel Version 20.6.0: Wed Nov 10 22:23:07 PST 2021; root:xnu-7195.141.14~1/RELEASE_X86_64
6000,1,2n**0.1,26.12867021560669,1642409456.556182,Darwin Kernel Version 20.6.0: Wed Nov 10 22:23:07 PST 2021; root:xnu-7195.141.14~1/RELEASE_X86_64
6000,0,0,41.48965620994568,1642409509.100175,Darwin Kernel Version 20.6.0: Wed Nov 10 22:23:07 PST 2021; root:xnu-7195.141.14~1/RELEASE_X86_64
6000,0,2n**0.1,19.971792936325073,1642409539.697144,Darwin Kernel Version 20.6.0: Wed Nov 10 22:23:07 PST 2021; root:xnu-7195.141.14~1/RELEASE_X86_64
7000,1,0,91.70405888557434,1642409647.783659,Darwin Kernel Version 20.6.0: Wed Nov 10 22:23:07 PST 2021; root:xnu-7195.141.14~1/RELEASE_X86_64
7000,1,2n**0.1,40.91186594963074,1642409702.935832,Darwin Kernel Version 20.6.0: Wed Nov 10 22:23:07 PST 2021; root:xnu-7195.141.14~1/RELEASE_X86_64
7000,0,0,65.73769998550415,1642409787.292662,Darwin Kernel Version 20.6.0: Wed Nov 10 22:23:07 PST 2021; root:xnu-7195.141.14~1/RELEASE_X86_64
7000,0,2n**0.1,34.01536011695862,1642409835.45556,Darwin Kernel Version 20.6.0: Wed Nov 10 22:23:07 PST 2021; root:xnu-7195.141.14~1/RELEASE_X86_64
8000,1,0,141.13924908638,1642410008.08123,Darwin Kernel Version 20.6.0: Wed Nov 10 22:23:07 PST 2021; root:xnu-7195.141.14~1/RELEASE_X86_64
8000,1,2n**0.1,75.91311693191528,1642410102.949402,Darwin Kernel Version 20.6.0: Wed Nov 10 22:23:07 PST 2021; root:xnu-7195.141.14~1/RELEASE_X86_64
8000,0,0,97.4420268535614,1642410228.257936,Darwin Kernel Version 20.6.0: Wed Nov 10 22:23:07 PST 2021; root:xnu-7195.141.14~1/RELEASE_X86_64
8000,0,2n**0.1,66.39912486076355,1642410316.967154,Darwin Kernel Version 20.6.0: Wed Nov 10 22:23:07 PST 2021; root:xnu-7195.141.14~1/RELEASE_X86_64
9000,1,0,191.75555992126465,1642410547.896639,Darwin Kernel Version 20.6.0: Wed Nov 10 22:23:07 PST 2021; root:xnu-7195.141.14~1/RELEASE_X86_64
9000,1,2n**0.1,97.6630220413208,1642410668.536415,Darwin Kernel Version 20.6.0: Wed Nov 10 22:23:07 PST 2021; root:xnu-7195.141.14~1/RELEASE_X86_64
9000,0,0,136.83016300201416,1642410832.069764,Darwin Kernel Version 20.6.0: Wed Nov 10 22:23:07 PST 2021; root:xnu-7195.141.14~1/RELEASE_X86_64
9000,0,2n**0.1,69.57990884780884,1642410924.3997,Darwin Kernel Version 20.6.0: Wed Nov 10 22:23:07 PST 2021; root:xnu-7195.141.14~1/RELEASE_X86_64
10000,1,0,266.42412209510803,1642411227.191819,Darwin Kernel Version 20.6.0: Wed Nov 10 22:23:07 PST 2021; root:xnu-7195.141.14~1/RELEASE_X86_64
10000,1,2n**0.1,121.96873092651367,1642411377.630458,Darwin Kernel Version 20.6.0: Wed Nov 10 22:23:07 PST 2021; root:xnu-7195.141.14~1/RELEASE_X86_64
10000,0,0,183.59189987182617,1642411591.984876,Darwin Kernel Version 20.6.0: Wed Nov 10 22:23:07 PST 2021; root:xnu-7195.141.14~1/RELEASE_X86_64
10000,0,2n**0.1,98.18139696121216,1642411718.531141,Darwin Kernel Version 20.6.0: Wed Nov 10 22:23:07 PST 2021; root:xnu-7195.141.14~1/RELEASE_X86_64
11000,1,0,372.799418926239,1642412132.73482,Darwin Kernel Version 20.6.0: Wed Nov 10 22:23:07 PST 2021; root:xnu-7195.141.14~1/RELEASE_X86_64
11000,1,2n**0.1,170.5408411026001,1642412340.39129,Darwin Kernel Version 20.6.0: Wed Nov 10 22:23:07 PST 2021; root:xnu-7195.141.14~1/RELEASE_X86_64
11000,0,0,270.81837487220764,1642412648.276428,Darwin Kernel Version 20.6.0: Wed Nov 10 22:23:07 PST 2021; root:xnu-7195.141.14~1/RELEASE_X86_64
11000,0,2n**0.1,141.1216540336609,1642412824.227899,Darwin Kernel Version 20.6.0: Wed Nov 10 22:23:07 PST 2021; root:xnu-7195.141.14~1/RELEASE_X86_64
12000,1,0,465.46704721450806,1642413340.303685,Darwin Kernel Version 20.6.0: Wed Nov 10 22:23:07 PST 2021; root:xnu-7195.141.14~1/RELEASE_X86_64
12000,1,2n**0.1,256.23493909835815,1642413638.935499,Darwin Kernel Version 20.6.0: Wed Nov 10 22:23:07 PST 2021; root:xnu-7195.141.14~1/RELEASE_X86_64
12000,0,0,326.39581322669983,1642414010.610422,Darwin Kernel Version 20.6.0: Wed Nov 10 22:23:07 PST 2021; root:xnu-7195.141.14~1/RELEASE_X86_64
12000,0,2n**0.1,245.6326789855957,1642414298.224787,Darwin Kernel Version 20.6.0: Wed Nov 10 22:23:07 PST 2021; root:xnu-7195.141.14~1/RELEASE_X86_64
13000,1,0,614.1453759670258,1642414978.200267,Darwin Kernel Version 20.6.0: Wed Nov 10 22:23:07 PST 2021; root:xnu-7195.141.14~1/RELEASE_X86_64
13000,1,2n**0.1,316.7527918815613,1642415343.062218,Darwin Kernel Version 20.6.0: Wed Nov 10 22:23:07 PST 2021; root:xnu-7195.141.14~1/RELEASE_X86_64
13000,0,0,430.11730098724365,1642415826.990581,Darwin Kernel Version 20.6.0: Wed Nov 10 22:23:07 PST 2021; root:xnu-7195.141.14~1/RELEASE_X86_64
13000,0,2n**0.1,286.94800782203674,1642416163.759058,Darwin Kernel Version 20.6.0: Wed Nov 10 22:23:07 PST 2021; root:xnu-7195.141.14~1/RELEASE_X86_64
14000,1,0,768.249400138855,1642417002.047843,Darwin Kernel Version 20.6.0: Wed Nov 10 22:23:07 PST 2021; root:xnu-7195.141.14~1/RELEASE_X86_64
14000,1,2n**0.1,356.02018690109253,1642417413.622062,Darwin Kernel Version 20.6.0: Wed Nov 10 22:23:07 PST 2021; root:xnu-7195.141.14~1/RELEASE_X86_64
14000,0,0,526.2872850894928,1642417996.932779,Darwin Kernel Version 20.6.0: Wed Nov 10 22:23:07 PST 2021; root:xnu-7195.141.14~1/RELEASE_X86_64
14000,0,2n**0.1,318.81572103500366,1642418370.864915,Darwin Kernel Version 20.6.0: Wed Nov 10 22:23:07 PST 2021; root:xnu-7195.141.14~1/RELEASE_X86_64
15000,1,0,924.5490047931671,1642419367.19952,Darwin Kernel Version 20.6.0: Wed Nov 10 22:23:07 PST 2021; root:xnu-7195.141.14~1/RELEASE_X86_64
15000,1,2n**0.1,448.44019198417664,1642419879.820729,Darwin Kernel Version 20.6.0: Wed Nov 10 22:23:07 PST 2021; root:xnu-7195.141.14~1/RELEASE_X86_64
15000,0,0,653.0194430351257,1642420598.465479,Darwin Kernel Version 20.6.0: Wed Nov 10 22:23:07 PST 2021; root:xnu-7195.141.14~1/RELEASE_X86_64
15000,0,2n**0.1,440.0089089870453,1642421102.524328,Darwin Kernel Version 20.6.0: Wed Nov 10 22:23:07 PST 2021; root:xnu-7195.141.14~1/RELEASE_X86_64
1000,1,0,0.21790623664855957,1642493208.137802,Darwin Kernel Version 20.6.0: Wed Nov 10 22:23:07 PST 2021; root:xnu-7195.141.14~1/RELEASE_X86_64
1000,1,2n**0.1,0.22549891471862793,1642493208.647603,Darwin Kernel Version 20.6.0: Wed Nov 10 22:23:07 PST 2021; root:xnu-7195.141.14~1/RELEASE_X86_64
1000,0,0,0.16814494132995605,1642493209.107724,Darwin Kernel Version 20.6.0: Wed Nov 10 22:23:07 PST 2021; root:xnu-7195.141.14~1/RELEASE_X86_64
1000,0,2n**0.1,0.20404982566833496,1642493209.597385,Darwin Kernel Version 20.6.0: Wed Nov 10 22:23:07 PST 2021; root:xnu-7195.141.14~1/RELEASE_X86_64
2000,1,0,1.7005820274353027,1642493212.503096,Darwin Kernel Version 20.6.0: Wed Nov 10 22:23:07 PST 2021; root:xnu-7195.141.14~1/RELEASE_X86_64
2000,1,2n**0.1,0.9944581985473633,1642493214.642691,Darwin Kernel Version 20.6.0: Wed Nov 10 22:23:07 PST 2021; root:xnu-7195.141.14~1/RELEASE_X86_64
2000,0,0,1.0472230911254883,1642493216.84466,Darwin Kernel Version 20.6.0: Wed Nov 10 22:23:07 PST 2021; root:xnu-7195.141.14~1/RELEASE_X86_64
2000,0,2n**0.1,0.9013469219207764,1642493218.898918,Darwin Kernel Version 20.6.0: Wed Nov 10 22:23:07 PST 2021; root:xnu-7195.141.14~1/RELEASE_X86_64
3000,1,0,6.9392759799957275,1642493228.65428,Darwin Kernel Version 20.6.0: Wed Nov 10 22:23:07 PST 2021; root:xnu-7195.141.14~1/RELEASE_X86_64
3000,1,2n**0.1,2.916010856628418,1642493234.278746,Darwin Kernel Version 20.6.0: Wed Nov 10 22:23:07 PST 2021; root:xnu-7195.141.14~1/RELEASE_X86_64
3000,0,0,4.548827171325684,1642493241.542589,Darwin Kernel Version 20.6.0: Wed Nov 10 22:23:07 PST 2021; root:xnu-7195.141.14~1/RELEASE_X86_64
3000,0,2n**0.1,2.5892858505249023,1642493246.854272,Darwin Kernel Version 20.6.0: Wed Nov 10 22:23:07 PST 2021; root:xnu-7195.141.14~1/RELEASE_X86_64
4000,1,0,16.62587285041809,1642493268.468907,Darwin Kernel Version 20.6.0: Wed Nov 10 22:23:07 PST 2021; root:xnu-7195.141.14~1/RELEASE_X86_64
4000,1,2n**0.1,6.960219144821167,1642493280.113552,Darwin Kernel Version 20.6.0: Wed Nov 10 22:23:07 PST 2021; root:xnu-7195.141.14~1/RELEASE_X86_64
4000,0,0,11.533624649047852,1642493296.425309,Darwin Kernel Version 20.6.0: Wed Nov 10 22:23:07 PST 2021; root:xnu-7195.141.14~1/RELEASE_X86_64
4000,0,2n**0.1,5.342272043228149,1642493306.447802,Darwin Kernel Version 20.6.0: Wed Nov 10 22:23:07 PST 2021; root:xnu-7195.141.14~1/RELEASE_X86_64
5000,1,0,32.96183490753174,1642493347.063006,Darwin Kernel Version 20.6.0: Wed Nov 10 22:23:07 PST 2021; root:xnu-7195.141.14~1/RELEASE_X86_64
5000,1,2n**0.1,14.963910818099976,1642493369.226781,Darwin Kernel Version 20.6.0: Wed Nov 10 22:23:07 PST 2021; root:xnu-7195.141.14~1/RELEASE_X86_64
5000,0,0,24.26871395111084,1642493401.053433,Darwin Kernel Version 20.6.0: Wed Nov 10 22:23:07 PST 2021; root:xnu-7195.141.14~1/RELEASE_X86_64
5000,0,2n**0.1,11.365545988082886,1642493419.622304,Darwin Kernel Version 20.6.0: Wed Nov 10 22:23:07 PST 2021; root:xnu-7195.141.14~1/RELEASE_X86_64
6000,1,0,57.35019516944885,1642493488.197316,Darwin Kernel Version 20.6.0: Wed Nov 10 22:23:07 PST 2021; root:xnu-7195.141.14~1/RELEASE_X86_64
6000,1,2n**0.1,25.233596324920654,1642493523.638786,Darwin Kernel Version 20.6.0: Wed Nov 10 22:23:07 PST 2021; root:xnu-7195.141.14~1/RELEASE_X86_64
6000,0,0,40.81233072280884,1642493574.974175,Darwin Kernel Version 20.6.0: Wed Nov 10 22:23:07 PST 2021; root:xnu-7195.141.14~1/RELEASE_X86_64
6000,0,2n**0.1,19.296394109725952,1642493604.473164,Darwin Kernel Version 20.6.0: Wed Nov 10 22:23:07 PST 2021; root:xnu-7195.141.14~1/RELEASE_X86_64
7000,1,0,91.91969466209412,1642493711.244821,Darwin Kernel Version 20.6.0: Wed Nov 10 22:23:07 PST 2021; root:xnu-7195.141.14~1/RELEASE_X86_64
7000,1,2n**0.1,39.314964056015015,1642493764.267157,Darwin Kernel Version 20.6.0: Wed Nov 10 22:23:07 PST 2021; root:xnu-7195.141.14~1/RELEASE_X86_64
7000,0,0,65.25317788124084,1642493843.633596,Darwin Kernel Version 20.6.0: Wed Nov 10 22:23:07 PST 2021; root:xnu-7195.141.14~1/RELEASE_X86_64
7000,0,2n**0.1,29.930217027664185,1642493887.210511,Darwin Kernel Version 20.6.0: Wed Nov 10 22:23:07 PST 2021; root:xnu-7195.141.14~1/RELEASE_X86_64
8000,1,0,135.6809859275818,1642494042.319373,Darwin Kernel Version 20.6.0: Wed Nov 10 22:23:07 PST 2021; root:xnu-7195.141.14~1/RELEASE_X86_64
8000,1,2n**0.1,58.10815787315369,1642494118.208537,Darwin Kernel Version 20.6.0: Wed Nov 10 22:23:07 PST 2021; root:xnu-7195.141.14~1/RELEASE_X86_64
8000,0,0,96.2425479888916,1642494232.752672,Darwin Kernel Version 20.6.0: Wed Nov 10 22:23:07 PST 2021; root:xnu-7195.141.14~1/RELEASE_X86_64
8000,0,2n**0.1,44.364181995391846,1642494295.162123,Darwin Kernel Version 20.6.0: Wed Nov 10 22:23:07 PST 2021; root:xnu-7195.141.14~1/RELEASE_X86_64
9000,1,0,194.84183287620544,1642494515.026979,Darwin Kernel Version 20.6.0: Wed Nov 10 22:23:07 PST 2021; root:xnu-7195.141.14~1/RELEASE_X86_64
9000,1,2n**0.1,83.76205492019653,1642494621.841235,Darwin Kernel Version 20.6.0: Wed Nov 10 22:23:07 PST 2021; root:xnu-7195.141.14~1/RELEASE_X86_64
9000,0,0,138.89309906959534,1642494784.087312,Darwin Kernel Version 20.6.0: Wed Nov 10 22:23:07 PST 2021; root:xnu-7195.141.14~1/RELEASE_X86_64
9000,0,2n**0.1,66.55247497558594,1642494875.457843,Darwin Kernel Version 20.6.0: Wed Nov 10 22:23:07 PST 2021; root:xnu-7195.141.14~1/RELEASE_X86_64
10000,1,0,269.46309185028076,1642495175.82398,Darwin Kernel Version 20.6.0: Wed Nov 10 22:23:07 PST 2021; root:xnu-7195.141.14~1/RELEASE_X86_64
10000,1,2n**0.1,121.90820503234863,1642495326.836265,Darwin Kernel Version 20.6.0: Wed Nov 10 22:23:07 PST 2021; root:xnu-7195.141.14~1/RELEASE_X86_64
10000,0,0,190.369549036026,1642495546.54965,Darwin Kernel Version 20.6.0: Wed Nov 10 22:23:07 PST 2021; root:xnu-7195.141.14~1/RELEASE_X86_64
10000,0,2n**0.1,94.86026215553284,1642495670.266802,Darwin Kernel Version 20.6.0: Wed Nov 10 22:23:07 PST 2021; root:xnu-7195.141.14~1/RELEASE_X86_64
11000,1,0,361.12656569480896,1642496069.414499,Darwin Kernel Version 20.6.0: Wed Nov 10 22:23:07 PST 2021; root:xnu-7195.141.14~1/RELEASE_X86_64
11000,1,2n**0.1,163.86782217025757,1642496268.476331,Darwin Kernel Version 20.6.0: Wed Nov 10 22:23:07 PST 2021; root:xnu-7195.141.14~1/RELEASE_X86_64
11000,0,0,249.4663860797882,1642496553.122574,Darwin Kernel Version 20.6.0: Wed Nov 10 22:23:07 PST 2021; root:xnu-7195.141.14~1/RELEASE_X86_64
11000,0,2n**0.1,127.03729224205017,1642496714.192867,Darwin Kernel Version 20.6.0: Wed Nov 10 22:23:07 PST 2021; root:xnu-7195.141.14~1/RELEASE_X86_64
12000,1,0,464.0135078430176,1642497222.811796,Darwin Kernel Version 20.6.0: Wed Nov 10 22:23:07 PST 2021; root:xnu-7195.141.14~1/RELEASE_X86_64
12000,1,2n**0.1,214.46874165534973,1642497479.765791,Darwin Kernel Version 20.6.0: Wed Nov 10 22:23:07 PST 2021; root:xnu-7195.141.14~1/RELEASE_X86_64
12000,0,0,332.80906081199646,1642497855.095057,Darwin Kernel Version 20.6.0: Wed Nov 10 22:23:07 PST 2021; root:xnu-7195.141.14~1/RELEASE_X86_64
12000,0,2n**0.1,180.04295778274536,1642498079.448339,Darwin Kernel Version 20.6.0: Wed Nov 10 22:23:07 PST 2021; root:xnu-7195.141.14~1/RELEASE_X86_64
13000,1,0,597.3212220668793,1642498730.531383,Darwin Kernel Version 20.6.0: Wed Nov 10 22:23:07 PST 2021; root:xnu-7195.141.14~1/RELEASE_X86_64
13000,1,2n**0.1,266.05733919143677,1642499045.039835,Darwin Kernel Version 20.6.0: Wed Nov 10 22:23:07 PST 2021; root:xnu-7195.141.14~1/RELEASE_X86_64
13000,0,0,405.37972688674927,1642499500.342576,Darwin Kernel Version 20.6.0: Wed Nov 10 22:23:07 PST 2021; root:xnu-7195.141.14~1/RELEASE_X86_64
13000,0,2n**0.1,222.1857089996338,1642499771.465428,Darwin Kernel Version 20.6.0: Wed Nov 10 22:23:07 PST 2021; root:xnu-7195.141.14~1/RELEASE_X86_64
14000,1,0,735.3944370746613,1642500568.341711,Darwin Kernel Version 20.6.0: Wed Nov 10 22:23:07 PST 2021; root:xnu-7195.141.14~1/RELEASE_X86_64
14000,1,2n**0.1,343.07181692123413,1642500967.458346,Darwin Kernel Version 20.6.0: Wed Nov 10 22:23:07 PST 2021; root:xnu-7195.141.14~1/RELEASE_X86_64
14000,0,0,536.0965750217438,1642501564.318756,Darwin Kernel Version 20.6.0: Wed Nov 10 22:23:07 PST 2021; root:xnu-7195.141.14~1/RELEASE_X86_64
14000,0,2n**0.1,370.5312731266022,1642501990.696425,Darwin Kernel Version 20.6.0: Wed Nov 10 22:23:07 PST 2021; root:xnu-7195.141.14~1/RELEASE_X86_64
15000,1,0,965.7852168083191,1642503030.14414,Darwin Kernel Version 20.6.0: Wed Nov 10 22:23:07 PST 2021; root:xnu-7195.141.14~1/RELEASE_X86_64
15000,1,2n**0.1,479.69869685173035,1642503574.496286,Darwin Kernel Version 20.6.0: Wed Nov 10 22:23:07 PST 2021; root:xnu-7195.141.14~1/RELEASE_X86_64
15000,0,0,656.3009452819824,1642504298.46945,Darwin Kernel Version 20.6.0: Wed Nov 10 22:23:07 PST 2021; root:xnu-7195.141.14~1/RELEASE_X86_64
15000,0,2n**0.1,362.3567159175873,1642504725.813846,Darwin Kernel Version 20.6.0: Wed Nov 10 22:23:07 PST 2021; root:xnu-7195.141.14~1/RELEASE_X86_64
1000,1,0,0.2124772071838379,1642508265.507381,Darwin Kernel Version 20.6.0: Wed Nov 10 22:23:07 PST 2021; root:xnu-7195.141.14~1/RELEASE_X86_64
1000,1,2n**0.1,0.23720121383666992,1642508266.032263,Darwin Kernel Version 20.6.0: Wed Nov 10 22:23:07 PST 2021; root:xnu-7195.141.14~1/RELEASE_X86_64
1000,0,0,0.18265104293823242,1642508266.516715,Darwin Kernel Version 20.6.0: Wed Nov 10 22:23:07 PST 2021; root:xnu-7195.141.14~1/RELEASE_X86_64
1000,0,2n**0.1,0.21060895919799805,1642508267.013538,Darwin Kernel Version 20.6.0: Wed Nov 10 22:23:07 PST 2021; root:xnu-7195.141.14~1/RELEASE_X86_64
2000,1,0,1.9790890216827393,1642508270.285641,Darwin Kernel Version 20.6.0: Wed Nov 10 22:23:07 PST 2021; root:xnu-7195.141.14~1/RELEASE_X86_64
2000,1,2n**0.1,1.0306010246276855,1642508272.51123,Darwin Kernel Version 20.6.0: Wed Nov 10 22:23:07 PST 2021; root:xnu-7195.141.14~1/RELEASE_X86_64
2000,0,0,1.3389277458190918,1642508275.019898,Darwin Kernel Version 20.6.0: Wed Nov 10 22:23:07 PST 2021; root:xnu-7195.141.14~1/RELEASE_X86_64
2000,0,2n**0.1,1.0394749641418457,1642508277.253999,Darwin Kernel Version 20.6.0: Wed Nov 10 22:23:07 PST 2021; root:xnu-7195.141.14~1/RELEASE_X86_64
3000,1,0,7.366512060165405,1642508287.436766,Darwin Kernel Version 20.6.0: Wed Nov 10 22:23:07 PST 2021; root:xnu-7195.141.14~1/RELEASE_X86_64
3000,1,2n**0.1,3.592618942260742,1642508293.899007,Darwin Kernel Version 20.6.0: Wed Nov 10 22:23:07 PST 2021; root:xnu-7195.141.14~1/RELEASE_X86_64
3000,0,0,5.082573890686035,1642508301.883521,Darwin Kernel Version 20.6.0: Wed Nov 10 22:23:07 PST 2021; root:xnu-7195.141.14~1/RELEASE_X86_64
3000,0,2n**0.1,2.601720094680786,1642508307.233198,Darwin Kernel Version 20.6.0: Wed Nov 10 22:23:07 PST 2021; root:xnu-7195.141.14~1/RELEASE_X86_64
4000,1,0,17.902261972427368,1642508330.405087,Darwin Kernel Version 20.6.0: Wed Nov 10 22:23:07 PST 2021; root:xnu-7195.141.14~1/RELEASE_X86_64
4000,1,2n**0.1,7.6123950481414795,1642508343.125225,Darwin Kernel Version 20.6.0: Wed Nov 10 22:23:07 PST 2021; root:xnu-7195.141.14~1/RELEASE_X86_64
4000,0,0,12.601078748703003,1642508360.744013,Darwin Kernel Version 20.6.0: Wed Nov 10 22:23:07 PST 2021; root:xnu-7195.141.14~1/RELEASE_X86_64
4000,0,2n**0.1,5.9899561405181885,1642508371.689018,Darwin Kernel Version 20.6.0: Wed Nov 10 22:23:07 PST 2021; root:xnu-7195.141.14~1/RELEASE_X86_64
5000,1,0,36.11704707145691,1642508416.310801,Darwin Kernel Version 20.6.0: Wed Nov 10 22:23:07 PST 2021; root:xnu-7195.141.14~1/RELEASE_X86_64
5000,1,2n**0.1,16.04539704322815,1642508439.708244,Darwin Kernel Version 20.6.0: Wed Nov 10 22:23:07 PST 2021; root:xnu-7195.141.14~1/RELEASE_X86_64
5000,0,0,26.114243984222412,1642508473.170158,Darwin Kernel Version 20.6.0: Wed Nov 10 22:23:07 PST 2021; root:xnu-7195.141.14~1/RELEASE_X86_64
5000,0,2n**0.1,12.385098218917847,1642508492.936025,Darwin Kernel Version 20.6.0: Wed Nov 10 22:23:07 PST 2021; root:xnu-7195.141.14~1/RELEASE_X86_64
6000,1,0,62.37131595611572,1642508566.342791,Darwin Kernel Version 20.6.0: Wed Nov 10 22:23:07 PST 2021; root:xnu-7195.141.14~1/RELEASE_X86_64
6000,1,2n**0.1,27.501126050949097,1642508604.64199,Darwin Kernel Version 20.6.0: Wed Nov 10 22:23:07 PST 2021; root:xnu-7195.141.14~1/RELEASE_X86_64
6000,0,0,45.887064933776855,1642508661.102212,Darwin Kernel Version 20.6.0: Wed Nov 10 22:23:07 PST 2021; root:xnu-7195.141.14~1/RELEASE_X86_64
6000,0,2n**0.1,20.809673070907593,1642508692.239558,Darwin Kernel Version 20.6.0: Wed Nov 10 22:23:07 PST 2021; root:xnu-7195.141.14~1/RELEASE_X86_64
7000,1,0,98.88100004196167,1642508806.057277,Darwin Kernel Version 20.6.0: Wed Nov 10 22:23:07 PST 2021; root:xnu-7195.141.14~1/RELEASE_X86_64
7000,1,2n**0.1,42.45740795135498,1642508862.797114,Darwin Kernel Version 20.6.0: Wed Nov 10 22:23:07 PST 2021; root:xnu-7195.141.14~1/RELEASE_X86_64
7000,0,0,71.40826487541199,1642508948.506247,Darwin Kernel Version 20.6.0: Wed Nov 10 22:23:07 PST 2021; root:xnu-7195.141.14~1/RELEASE_X86_64
7000,0,2n**0.1,32.480489015579224,1642508995.085702,Darwin Kernel Version 20.6.0: Wed Nov 10 22:23:07 PST 2021; root:xnu-7195.141.14~1/RELEASE_X86_64
8000,1,0,147.40059304237366,1642509162.398901,Darwin Kernel Version 20.6.0: Wed Nov 10 22:23:07 PST 2021; root:xnu-7195.141.14~1/RELEASE_X86_64
8000,1,2n**0.1,63.4267361164093,1642509244.1692,Darwin Kernel Version 20.6.0: Wed Nov 10 22:23:07 PST 2021; root:xnu-7195.141.14~1/RELEASE_X86_64
8000,0,0,106.92192792892456,1642509369.765435,Darwin Kernel Version 20.6.0: Wed Nov 10 22:23:07 PST 2021; root:xnu-7195.141.14~1/RELEASE_X86_64
8000,0,2n**0.1,48.04510188102722,1642509436.15785,Darwin Kernel Version 20.6.0: Wed Nov 10 22:23:07 PST 2021; root:xnu-7195.141.14~1/RELEASE_X86_64
9000,1,0,211.93597388267517,1642509672.785152,Darwin Kernel Version 20.6.0: Wed Nov 10 22:23:07 PST 2021; root:xnu-7195.141.14~1/RELEASE_X86_64
9000,1,2n**0.1,85.89065599441528,1642509782.425422,Darwin Kernel Version 20.6.0: Wed Nov 10 22:23:07 PST 2021; root:xnu-7195.141.14~1/RELEASE_X86_64
9000,0,0,139.6025538444519,1642509945.678697,Darwin Kernel Version 20.6.0: Wed Nov 10 22:23:07 PST 2021; root:xnu-7195.141.14~1/RELEASE_X86_64
9000,0,2n**0.1,68.71738886833191,1642510038.817188,Darwin Kernel Version 20.6.0: Wed Nov 10 22:23:07 PST 2021; root:xnu-7195.141.14~1/RELEASE_X86_64
10000,1,0,272.3363039493561,1642510344.034972,Darwin Kernel Version 20.6.0: Wed Nov 10 22:23:07 PST 2021; root:xnu-7195.141.14~1/RELEASE_X86_64
10000,1,2n**0.1,118.75919485092163,1642510495.017699,Darwin Kernel Version 20.6.0: Wed Nov 10 22:23:07 PST 2021; root:xnu-7195.141.14~1/RELEASE_X86_64
10000,0,0,187.6681878566742,1642510712.690912,Darwin Kernel Version 20.6.0: Wed Nov 10 22:23:07 PST 2021; root:xnu-7195.141.14~1/RELEASE_X86_64
10000,0,2n**0.1,91.25406789779663,1642510833.271038,Darwin Kernel Version 20.6.0: Wed Nov 10 22:23:07 PST 2021; root:xnu-7195.141.14~1/RELEASE_X86_64
11000,1,0,352.55045318603516,1642511223.189884,Darwin Kernel Version 20.6.0: Wed Nov 10 22:23:07 PST 2021; root:xnu-7195.141.14~1/RELEASE_X86_64
11000,1,2n**0.1,162.06228303909302,1642511421.119498,Darwin Kernel Version 20.6.0: Wed Nov 10 22:23:07 PST 2021; root:xnu-7195.141.14~1/RELEASE_X86_64
11000,0,0,254.11682724952698,1642511710.774944,Darwin Kernel Version 20.6.0: Wed Nov 10 22:23:07 PST 2021; root:xnu-7195.141.14~1/RELEASE_X86_64
11000,0,2n**0.1,139.93683409690857,1642511886.159716,Darwin Kernel Version 20.6.0: Wed Nov 10 22:23:07 PST 2021; root:xnu-7195.141.14~1/RELEASE_X86_64
12000,1,0,470.81576228141785,1642512401.957278,Darwin Kernel Version 20.6.0: Wed Nov 10 22:23:07 PST 2021; root:xnu-7195.141.14~1/RELEASE_X86_64
12000,1,2n**0.1,221.07886290550232,1642512667.816964,Darwin Kernel Version 20.6.0: Wed Nov 10 22:23:07 PST 2021; root:xnu-7195.141.14~1/RELEASE_X86_64
12000,0,0,339.31652188301086,1642513050.5347,Darwin Kernel Version 20.6.0: Wed Nov 10 22:23:07 PST 2021; root:xnu-7195.141.14~1/RELEASE_X86_64
12000,0,2n**0.1,173.71116185188293,1642513266.740924,Darwin Kernel Version 20.6.0: Wed Nov 10 22:23:07 PST 2021; root:xnu-7195.141.14~1/RELEASE_X86_64
13000,1,0,608.8589811325073,1642513927.85873,Darwin Kernel Version 20.6.0: Wed Nov 10 22:23:07 PST 2021; root:xnu-7195.141.14~1/RELEASE_X86_64
13000,1,2n**0.1,275.26957988739014,1642514252.98223,Darwin Kernel Version 20.6.0: Wed Nov 10 22:23:07 PST 2021; root:xnu-7195.141.14~1/RELEASE_X86_64
13000,0,0,421.56539487838745,1642514724.287087,Darwin Kernel Version 20.6.0: Wed Nov 10 22:23:07 PST 2021; root:xnu-7195.141.14~1/RELEASE_X86_64
13000,0,2n**0.1,223.94300532341003,1642514997.231347,Darwin Kernel Version 20.6.0: Wed Nov 10 22:23:07 PST 2021; root:xnu-7195.141.14~1/RELEASE_X86_64
14000,1,0,815.6115219593048,1642515874.129285,Darwin Kernel Version 20.6.0: Wed Nov 10 22:23:07 PST 2021; root:xnu-7195.141.14~1/RELEASE_X86_64
14000,1,2n**0.1,447.2512240409851,1642516383.85882,Darwin Kernel Version 20.6.0: Wed Nov 10 22:23:07 PST 2021; root:xnu-7195.141.14~1/RELEASE_X86_64
14000,0,0,585.033510684967,1642517031.092627,Darwin Kernel Version 20.6.0: Wed Nov 10 22:23:07 PST 2021; root:xnu-7195.141.14~1/RELEASE_X86_64
14000,0,2n**0.1,337.3944499492645,1642517428.828175,Darwin Kernel Version 20.6.0: Wed Nov 10 22:23:07 PST 2021; root:xnu-7195.141.14~1/RELEASE_X86_64
15000,1,0,1011.1011548042297,1642518515.022961,Darwin Kernel Version 20.6.0: Wed Nov 10 22:23:07 PST 2021; root:xnu-7195.141.14~1/RELEASE_X86_64
15000,1,2n**0.1,511.5400800704956,1642519096.02961,Darwin Kernel Version 20.6.0: Wed Nov 10 22:23:07 PST 2021; root:xnu-7195.141.14~1/RELEASE_X86_64
15000,0,0,740.4740982055664,1642519908.708086,Darwin Kernel Version 20.6.0: Wed Nov 10 22:23:07 PST 2021; root:xnu-7195.141.14~1/RELEASE_X86_64
15000,0,2n**0.1,434.67511892318726,1642520412.733095,Darwin Kernel Version 20.6.0: Wed Nov 10 22:23:07 PST 2021; root:xnu-7195.141.14~1/RELEASE_X86_64
1000,1,0,0.22764015197753906,1642579574.106671,Darwin Kernel Version 20.6.0: Wed Nov 10 22:23:07 PST 2021; root:xnu-7195.141.14~1/RELEASE_X86_64
1000,1,2n**0.1,0.23470282554626465,1642579574.637446,Darwin Kernel Version 20.6.0: Wed Nov 10 22:23:07 PST 2021; root:xnu-7195.141.14~1/RELEASE_X86_64
1000,0,0,0.1854259967803955,1642579575.125536,Darwin Kernel Version 20.6.0: Wed Nov 10 22:23:07 PST 2021; root:xnu-7195.141.14~1/RELEASE_X86_64
1000,0,2n**0.1,0.20751380920410156,1642579575.633044,Darwin Kernel Version 20.6.0: Wed Nov 10 22:23:07 PST 2021; root:xnu-7195.141.14~1/RELEASE_X86_64
2000,1,0,1.8519620895385742,1642579578.735625,Darwin Kernel Version 20.6.0: Wed Nov 10 22:23:07 PST 2021; root:xnu-7195.141.14~1/RELEASE_X86_64
2000,1,2n**0.1,1.0468511581420898,1642579580.957035,Darwin Kernel Version 20.6.0: Wed Nov 10 22:23:07 PST 2021; root:xnu-7195.141.14~1/RELEASE_X86_64
2000,0,0,1.2254319190979004,1642579583.362585,Darwin Kernel Version 20.6.0: Wed Nov 10 22:23:07 PST 2021; root:xnu-7195.141.14~1/RELEASE_X86_64
2000,0,2n**0.1,0.9475409984588623,1642579585.506666,Darwin Kernel Version 20.6.0: Wed Nov 10 22:23:07 PST 2021; root:xnu-7195.141.14~1/RELEASE_X86_64
3000,1,0,7.466503143310547,1642579595.930514,Darwin Kernel Version 20.6.0: Wed Nov 10 22:23:07 PST 2021; root:xnu-7195.141.14~1/RELEASE_X86_64
3000,1,2n**0.1,3.181292772293091,1642579601.888216,Darwin Kernel Version 20.6.0: Wed Nov 10 22:23:07 PST 2021; root:xnu-7195.141.14~1/RELEASE_X86_64
3000,0,0,4.950089931488037,1642579609.647645,Darwin Kernel Version 20.6.0: Wed Nov 10 22:23:07 PST 2021; root:xnu-7195.141.14~1/RELEASE_X86_64
3000,0,2n**0.1,2.5341598987579346,1642579614.916777,Darwin Kernel Version 20.6.0: Wed Nov 10 22:23:07 PST 2021; root:xnu-7195.141.14~1/RELEASE_X86_64
4000,1,0,17.65488600730896,1642579637.721002,Darwin Kernel Version 20.6.0: Wed Nov 10 22:23:07 PST 2021; root:xnu-7195.141.14~1/RELEASE_X86_64
4000,1,2n**0.1,7.468104124069214,1642579649.917921,Darwin Kernel Version 20.6.0: Wed Nov 10 22:23:07 PST 2021; root:xnu-7195.141.14~1/RELEASE_X86_64
4000,0,0,12.579065084457397,1642579667.324223,Darwin Kernel Version 20.6.0: Wed Nov 10 22:23:07 PST 2021; root:xnu-7195.141.14~1/RELEASE_X86_64
4000,0,2n**0.1,5.741042852401733,1642579677.79936,Darwin Kernel Version 20.6.0: Wed Nov 10 22:23:07 PST 2021; root:xnu-7195.141.14~1/RELEASE_X86_64
5000,1,0,34.865140438079834,1642579720.62283,Darwin Kernel Version 20.6.0: Wed Nov 10 22:23:07 PST 2021; root:xnu-7195.141.14~1/RELEASE_X86_64
5000,1,2n**0.1,16.298253059387207,1642579744.224292,Darwin Kernel Version 20.6.0: Wed Nov 10 22:23:07 PST 2021; root:xnu-7195.141.14~1/RELEASE_X86_64
5000,0,0,25.437696933746338,1642579777.168957,Darwin Kernel Version 20.6.0: Wed Nov 10 22:23:07 PST 2021; root:xnu-7195.141.14~1/RELEASE_X86_64
5000,0,2n**0.1,12.129029989242554,1642579796.622233,Darwin Kernel Version 20.6.0: Wed Nov 10 22:23:07 PST 2021; root:xnu-7195.141.14~1/RELEASE_X86_64
6000,1,0,60.381407022476196,1642579868.468451,Darwin Kernel Version 20.6.0: Wed Nov 10 22:23:07 PST 2021; root:xnu-7195.141.14~1/RELEASE_X86_64
6000,1,2n**0.1,25.991924047470093,1642579905.295032,Darwin Kernel Version 20.6.0: Wed Nov 10 22:23:07 PST 2021; root:xnu-7195.141.14~1/RELEASE_X86_64
6000,0,0,40.59163212776184,1642579956.956853,Darwin Kernel Version 20.6.0: Wed Nov 10 22:23:07 PST 2021; root:xnu-7195.141.14~1/RELEASE_X86_64
6000,0,2n**0.1,19.329745054244995,1642579986.779216,Darwin Kernel Version 20.6.0: Wed Nov 10 22:23:07 PST 2021; root:xnu-7195.141.14~1/RELEASE_X86_64
7000,1,0,91.12014317512512,1642580093.286869,Darwin Kernel Version 20.6.0: Wed Nov 10 22:23:07 PST 2021; root:xnu-7195.141.14~1/RELEASE_X86_64
7000,1,2n**0.1,39.30051827430725,1642580146.535198,Darwin Kernel Version 20.6.0: Wed Nov 10 22:23:07 PST 2021; root:xnu-7195.141.14~1/RELEASE_X86_64
7000,0,0,64.2655611038208,1642580225.32624,Darwin Kernel Version 20.6.0: Wed Nov 10 22:23:07 PST 2021; root:xnu-7195.141.14~1/RELEASE_X86_64
7000,0,2n**0.1,30.067875146865845,1642580269.774089,Darwin Kernel Version 20.6.0: Wed Nov 10 22:23:07 PST 2021; root:xnu-7195.141.14~1/RELEASE_X86_64
8000,1,0,135.82573795318604,1642580425.850024,Darwin Kernel Version 20.6.0: Wed Nov 10 22:23:07 PST 2021; root:xnu-7195.141.14~1/RELEASE_X86_64
8000,1,2n**0.1,58.19049692153931,1642580502.37257,Darwin Kernel Version 20.6.0: Wed Nov 10 22:23:07 PST 2021; root:xnu-7195.141.14~1/RELEASE_X86_64
8000,0,0,95.65975999832153,1642580617.45137,Darwin Kernel Version 20.6.0: Wed Nov 10 22:23:07 PST 2021; root:xnu-7195.141.14~1/RELEASE_X86_64
8000,0,2n**0.1,44.68562912940979,1642580680.398802,Darwin Kernel Version 20.6.0: Wed Nov 10 22:23:07 PST 2021; root:xnu-7195.141.14~1/RELEASE_X86_64
9000,1,0,194.05213570594788,1642580904.549241,Darwin Kernel Version 20.6.0: Wed Nov 10 22:23:07 PST 2021; root:xnu-7195.141.14~1/RELEASE_X86_64
9000,1,2n**0.1,105.38796019554138,1642581033.287907,Darwin Kernel Version 20.6.0: Wed Nov 10 22:23:07 PST 2021; root:xnu-7195.141.14~1/RELEASE_X86_64
9000,0,0,145.6047089099884,1642581206.977242,Darwin Kernel Version 20.6.0: Wed Nov 10 22:23:07 PST 2021; root:xnu-7195.141.14~1/RELEASE_X86_64
9000,0,2n**0.1,84.5559651851654,1642581318.315033,Darwin Kernel Version 20.6.0: Wed Nov 10 22:23:07 PST 2021; root:xnu-7195.141.14~1/RELEASE_X86_64
10000,1,0,284.4779460430145,1642581642.784981,Darwin Kernel Version 20.6.0: Wed Nov 10 22:23:07 PST 2021; root:xnu-7195.141.14~1/RELEASE_X86_64
10000,1,2n**0.1,127.97184300422668,1642581800.435313,Darwin Kernel Version 20.6.0: Wed Nov 10 22:23:07 PST 2021; root:xnu-7195.141.14~1/RELEASE_X86_64
10000,0,0,196.7696499824524,1642582027.877662,Darwin Kernel Version 20.6.0: Wed Nov 10 22:23:07 PST 2021; root:xnu-7195.141.14~1/RELEASE_X86_64
10000,0,2n**0.1,98.90399503707886,1642582156.974724,Darwin Kernel Version 20.6.0: Wed Nov 10 22:23:07 PST 2021; root:xnu-7195.141.14~1/RELEASE_X86_64
11000,1,0,361.89885902404785,1642582557.351023,Darwin Kernel Version 20.6.0: Wed Nov 10 22:23:07 PST 2021; root:xnu-7195.141.14~1/RELEASE_X86_64
11000,1,2n**0.1,162.1317629814148,1642582755.019121,Darwin Kernel Version 20.6.0: Wed Nov 10 22:23:07 PST 2021; root:xnu-7195.141.14~1/RELEASE_X86_64
11000,0,0,254.62549829483032,1642583045.027428,Darwin Kernel Version 20.6.0: Wed Nov 10 22:23:07 PST 2021; root:xnu-7195.141.14~1/RELEASE_X86_64
11000,0,2n**0.1,128.66587710380554,1642583208.313546,Darwin Kernel Version 20.6.0: Wed Nov 10 22:23:07 PST 2021; root:xnu-7195.141.14~1/RELEASE_X86_64
12000,1,0,473.6316912174225,1642583726.423191,Darwin Kernel Version 20.6.0: Wed Nov 10 22:23:07 PST 2021; root:xnu-7195.141.14~1/RELEASE_X86_64
12000,1,2n**0.1,217.87009477615356,1642583986.919459,Darwin Kernel Version 20.6.0: Wed Nov 10 22:23:07 PST 2021; root:xnu-7195.141.14~1/RELEASE_X86_64
12000,0,0,339.9015760421753,1642584370.589729,Darwin Kernel Version 20.6.0: Wed Nov 10 22:23:07 PST 2021; root:xnu-7195.141.14~1/RELEASE_X86_64
12000,0,2n**0.1,183.2940719127655,1642584596.518788,Darwin Kernel Version 20.6.0: Wed Nov 10 22:23:07 PST 2021; root:xnu-7195.141.14~1/RELEASE_X86_64
13000,1,0,621.3188662528992,1642585271.039694,Darwin Kernel Version 20.6.0: Wed Nov 10 22:23:07 PST 2021; root:xnu-7195.141.14~1/RELEASE_X86_64
13000,1,2n**0.1,294.8522300720215,1642585618.782111,Darwin Kernel Version 20.6.0: Wed Nov 10 22:23:07 PST 2021; root:xnu-7195.141.14~1/RELEASE_X86_64
13000,0,0,431.4803030490875,1642586102.558464,Darwin Kernel Version 20.6.0: Wed Nov 10 22:23:07 PST 2021; root:xnu-7195.141.14~1/RELEASE_X86_64
13000,0,2n**0.1,237.16604900360107,1642586387.578999,Darwin Kernel Version 20.6.0: Wed Nov 10 22:23:07 PST 2021; root:xnu-7195.141.14~1/RELEASE_X86_64
14000,1,0,798.0565469264984,1642587249.391663,Darwin Kernel Version 20.6.0: Wed Nov 10 22:23:07 PST 2021; root:xnu-7195.141.14~1/RELEASE_X86_64
14000,1,2n**0.1,374.95330595970154,1642587684.097869,Darwin Kernel Version 20.6.0: Wed Nov 10 22:23:07 PST 2021; root:xnu-7195.141.14~1/RELEASE_X86_64
14000,0,0,571.0634281635284,1642588313.004724,Darwin Kernel Version 20.6.0: Wed Nov 10 22:23:07 PST 2021; root:xnu-7195.141.14~1/RELEASE_X86_64
14000,0,2n**0.1,299.1379859447479,1642588669.667448,Darwin Kernel Version 20.6.0: Wed Nov 10 22:23:07 PST 2021; root:xnu-7195.141.14~1/RELEASE_X86_64
15000,1,0,973.5469350814819,1642589713.401514,Darwin Kernel Version 20.6.0: Wed Nov 10 22:23:07 PST 2021; root:xnu-7195.141.14~1/RELEASE_X86_64
15000,1,2n**0.1,557.2738099098206,1642590340.005457,Darwin Kernel Version 20.6.0: Wed Nov 10 22:23:07 PST 2021; root:xnu-7195.141.14~1/RELEASE_X86_64
15000,0,0,676.1874668598175,1642591084.404705,Darwin Kernel Version 20.6.0: Wed Nov 10 22:23:07 PST 2021; root:xnu-7195.141.14~1/RELEASE_X86_64
15000,0,2n**0.1,376.963073015213,1642591526.030705,Darwin Kernel Version 20.6.0: Wed Nov 10 22:23:07 PST 2021; root:xnu-7195.141.14~1/RELEASE_X86_64
1000,1,0,0.24361705780029297,1642596233.490966,Darwin Kernel Version 20.6.0: Wed Nov 10 22:23:07 PST 2021; root:xnu-7195.141.14~1/RELEASE_X86_64
1000,1,2n**0.1,0.2536628246307373,1642596234.046652,Darwin Kernel Version 20.6.0: Wed Nov 10 22:23:07 PST 2021; root:xnu-7195.141.14~1/RELEASE_X86_64
1000,0,0,0.20623183250427246,1642596234.556624,Darwin Kernel Version 20.6.0: Wed Nov 10 22:23:07 PST 2021; root:xnu-7195.141.14~1/RELEASE_X86_64
1000,0,2n**0.1,0.23744606971740723,1642596235.104071,Darwin Kernel Version 20.6.0: Wed Nov 10 22:23:07 PST 2021; root:xnu-7195.141.14~1/RELEASE_X86_64
2000,1,0,2.1191790103912354,1642596238.559849,Darwin Kernel Version 20.6.0: Wed Nov 10 22:23:07 PST 2021; root:xnu-7195.141.14~1/RELEASE_X86_64
2000,1,2n**0.1,1.1616230010986328,1642596240.925977,Darwin Kernel Version 20.6.0: Wed Nov 10 22:23:07 PST 2021; root:xnu-7195.141.14~1/RELEASE_X86_64
2000,0,0,1.4091250896453857,1642596243.550271,Darwin Kernel Version 20.6.0: Wed Nov 10 22:23:07 PST 2021; root:xnu-7195.141.14~1/RELEASE_X86_64
2000,0,2n**0.1,1.048454999923706,1642596245.809478,Darwin Kernel Version 20.6.0: Wed Nov 10 22:23:07 PST 2021; root:xnu-7195.141.14~1/RELEASE_X86_64
3000,1,0,7.67932391166687,1642596256.450149,Darwin Kernel Version 20.6.0: Wed Nov 10 22:23:07 PST 2021; root:xnu-7195.141.14~1/RELEASE_X86_64
3000,1,2n**0.1,3.529449224472046,1642596262.786921,Darwin Kernel Version 20.6.0: Wed Nov 10 22:23:07 PST 2021; root:xnu-7195.141.14~1/RELEASE_X86_64
3000,0,0,5.837594985961914,1642596271.555951,Darwin Kernel Version 20.6.0: Wed Nov 10 22:23:07 PST 2021; root:xnu-7195.141.14~1/RELEASE_X86_64
3000,0,2n**0.1,2.973719835281372,1642596277.503107,Darwin Kernel Version 20.6.0: Wed Nov 10 22:23:07 PST 2021; root:xnu-7195.141.14~1/RELEASE_X86_64
4000,1,0,18.801433086395264,1642596301.65189,Darwin Kernel Version 20.6.0: Wed Nov 10 22:23:07 PST 2021; root:xnu-7195.141.14~1/RELEASE_X86_64
4000,1,2n**0.1,8.412951231002808,1642596315.01829,Darwin Kernel Version 20.6.0: Wed Nov 10 22:23:07 PST 2021; root:xnu-7195.141.14~1/RELEASE_X86_64
4000,0,0,13.335989952087402,1642596333.369079,Darwin Kernel Version 20.6.0: Wed Nov 10 22:23:07 PST 2021; root:xnu-7195.141.14~1/RELEASE_X86_64
4000,0,2n**0.1,6.768581867218018,1642596345.425775,Darwin Kernel Version 20.6.0: Wed Nov 10 22:23:07 PST 2021; root:xnu-7195.141.14~1/RELEASE_X86_64
5000,1,0,36.242040157318115,1642596389.759521,Darwin Kernel Version 20.6.0: Wed Nov 10 22:23:07 PST 2021; root:xnu-7195.141.14~1/RELEASE_X86_64
5000,1,2n**0.1,17.96256184577942,1642596415.311708,Darwin Kernel Version 20.6.0: Wed Nov 10 22:23:07 PST 2021; root:xnu-7195.141.14~1/RELEASE_X86_64
5000,0,0,26.464993238449097,1642596449.446358,Darwin Kernel Version 20.6.0: Wed Nov 10 22:23:07 PST 2021; root:xnu-7195.141.14~1/RELEASE_X86_64
5000,0,2n**0.1,13.185394048690796,1642596470.264468,Darwin Kernel Version 20.6.0: Wed Nov 10 22:23:07 PST 2021; root:xnu-7195.141.14~1/RELEASE_X86_64
6000,1,0,62.77030611038208,1642596544.961079,Darwin Kernel Version 20.6.0: Wed Nov 10 22:23:07 PST 2021; root:xnu-7195.141.14~1/RELEASE_X86_64
6000,1,2n**0.1,28.66781497001648,1642596584.505117,Darwin Kernel Version 20.6.0: Wed Nov 10 22:23:07 PST 2021; root:xnu-7195.141.14~1/RELEASE_X86_64
6000,0,0,45.37745118141174,1642596641.324043,Darwin Kernel Version 20.6.0: Wed Nov 10 22:23:07 PST 2021; root:xnu-7195.141.14~1/RELEASE_X86_64
6000,0,2n**0.1,22.757423877716064,1642596675.677018,Darwin Kernel Version 20.6.0: Wed Nov 10 22:23:07 PST 2021; root:xnu-7195.141.14~1/RELEASE_X86_64
7000,1,0,99.96841526031494,1642596791.582974,Darwin Kernel Version 20.6.0: Wed Nov 10 22:23:07 PST 2021; root:xnu-7195.141.14~1/RELEASE_X86_64
7000,1,2n**0.1,46.122328996658325,1642596853.288064,Darwin Kernel Version 20.6.0: Wed Nov 10 22:23:07 PST 2021; root:xnu-7195.141.14~1/RELEASE_X86_64
7000,0,0,71.56277894973755,1642596941.294512,Darwin Kernel Version 20.6.0: Wed Nov 10 22:23:07 PST 2021; root:xnu-7195.141.14~1/RELEASE_X86_64
7000,0,2n**0.1,37.63354802131653,1642596994.385523,Darwin Kernel Version 20.6.0: Wed Nov 10 22:23:07 PST 2021; root:xnu-7195.141.14~1/RELEASE_X86_64
8000,1,0,152.26453399658203,1642597169.990737,Darwin Kernel Version 20.6.0: Wed Nov 10 22:23:07 PST 2021; root:xnu-7195.141.14~1/RELEASE_X86_64
8000,1,2n**0.1,65.65918517112732,1642597254.315597,Darwin Kernel Version 20.6.0: Wed Nov 10 22:23:07 PST 2021; root:xnu-7195.141.14~1/RELEASE_X86_64
8000,0,0,102.45042419433594,1642597377.566742,Darwin Kernel Version 20.6.0: Wed Nov 10 22:23:07 PST 2021; root:xnu-7195.141.14~1/RELEASE_X86_64
8000,0,2n**0.1,47.247607946395874,1642597443.46752,Darwin Kernel Version 20.6.0: Wed Nov 10 22:23:07 PST 2021; root:xnu-7195.141.14~1/RELEASE_X86_64
9000,1,0,204.96194696426392,1642597673.586517,Darwin Kernel Version 20.6.0: Wed Nov 10 22:23:07 PST 2021; root:xnu-7195.141.14~1/RELEASE_X86_64
9000,1,2n**0.1,92.73866200447083,1642597789.72878,Darwin Kernel Version 20.6.0: Wed Nov 10 22:23:07 PST 2021; root:xnu-7195.141.14~1/RELEASE_X86_64
9000,0,0,143.77514100074768,1642597957.633752,Darwin Kernel Version 20.6.0: Wed Nov 10 22:23:07 PST 2021; root:xnu-7195.141.14~1/RELEASE_X86_64
9000,0,2n**0.1,69.97210121154785,1642598052.54894,Darwin Kernel Version 20.6.0: Wed Nov 10 22:23:07 PST 2021; root:xnu-7195.141.14~1/RELEASE_X86_64
10000,1,0,281.694344997406,1642598366.862164,Darwin Kernel Version 20.6.0: Wed Nov 10 22:23:07 PST 2021; root:xnu-7195.141.14~1/RELEASE_X86_64
10000,1,2n**0.1,124.5406379699707,1642598520.351541,Darwin Kernel Version 20.6.0: Wed Nov 10 22:23:07 PST 2021; root:xnu-7195.141.14~1/RELEASE_X86_64
10000,0,0,198.2904019355774,1642598749.172184,Darwin Kernel Version 20.6.0: Wed Nov 10 22:23:07 PST 2021; root:xnu-7195.141.14~1/RELEASE_X86_64
10000,0,2n**0.1,96.72767901420593,1642598874.64465,Darwin Kernel Version 20.6.0: Wed Nov 10 22:23:07 PST 2021; root:xnu-7195.141.14~1/RELEASE_X86_64
11000,1,0,368.05704498291016,1642599279.852437,Darwin Kernel Version 20.6.0: Wed Nov 10 22:23:07 PST 2021; root:xnu-7195.141.14~1/RELEASE_X86_64
11000,1,2n**0.1,163.756530046463,1642599478.985502,Darwin Kernel Version 20.6.0: Wed Nov 10 22:23:07 PST 2021; root:xnu-7195.141.14~1/RELEASE_X86_64
11000,0,0,258.7566878795624,1642599774.268913,Darwin Kernel Version 20.6.0: Wed Nov 10 22:23:07 PST 2021; root:xnu-7195.141.14~1/RELEASE_X86_64
11000,0,2n**0.1,127.2513279914856,1642599936.076509,Darwin Kernel Version 20.6.0: Wed Nov 10 22:23:07 PST 2021; root:xnu-7195.141.14~1/RELEASE_X86_64
12000,1,0,476.6766619682312,1642600457.076632,Darwin Kernel Version 20.6.0: Wed Nov 10 22:23:07 PST 2021; root:xnu-7195.141.14~1/RELEASE_X86_64
12000,1,2n**0.1,217.81712698936462,1642600718.491537,Darwin Kernel Version 20.6.0: Wed Nov 10 22:23:07 PST 2021; root:xnu-7195.141.14~1/RELEASE_X86_64
12000,0,0,348.0543940067291,1642601109.975036,Darwin Kernel Version 20.6.0: Wed Nov 10 22:23:07 PST 2021; root:xnu-7195.141.14~1/RELEASE_X86_64
12000,0,2n**0.1,180.30336499214172,1642601333.844342,Darwin Kernel Version 20.6.0: Wed Nov 10 22:23:07 PST 2021; root:xnu-7195.141.14~1/RELEASE_X86_64
13000,1,0,620.485004901886,1642602006.148648,Darwin Kernel Version 20.6.0: Wed Nov 10 22:23:07 PST 2021; root:xnu-7195.141.14~1/RELEASE_X86_64
13000,1,2n**0.1,271.7508828639984,1642602325.633356,Darwin Kernel Version 20.6.0: Wed Nov 10 22:23:07 PST 2021; root:xnu-7195.141.14~1/RELEASE_X86_64
13000,0,0,428.82318091392517,1642602803.50241,Darwin Kernel Version 20.6.0: Wed Nov 10 22:23:07 PST 2021; root:xnu-7195.141.14~1/RELEASE_X86_64
13000,0,2n**0.1,225.95544576644897,1642603078.582144,Darwin Kernel Version 20.6.0: Wed Nov 10 22:23:07 PST 2021; root:xnu-7195.141.14~1/RELEASE_X86_64
14000,1,0,826.3435888290405,1642603964.755556,Darwin Kernel Version 20.6.0: Wed Nov 10 22:23:07 PST 2021; root:xnu-7195.141.14~1/RELEASE_X86_64
14000,1,2n**0.1,421.9559109210968,1642604450.775964,Darwin Kernel Version 20.6.0: Wed Nov 10 22:23:07 PST 2021; root:xnu-7195.141.14~1/RELEASE_X86_64
14000,0,0,549.6149761676788,1642605059.337842,Darwin Kernel Version 20.6.0: Wed Nov 10 22:23:07 PST 2021; root:xnu-7195.141.14~1/RELEASE_X86_64
14000,0,2n**0.1,298.4996690750122,1642605419.352279,Darwin Kernel Version 20.6.0: Wed Nov 10 22:23:07 PST 2021; root:xnu-7195.141.14~1/RELEASE_X86_64
15000,1,0,965.1488900184631,1642606455.983495,Darwin Kernel Version 20.6.0: Wed Nov 10 22:23:07 PST 2021; root:xnu-7195.141.14~1/RELEASE_X86_64
15000,1,2n**0.1,527.2761600017548,1642607050.456956,Darwin Kernel Version 20.6.0: Wed Nov 10 22:23:07 PST 2021; root:xnu-7195.141.14~1/RELEASE_X86_64
15000,0,0,675.7392978668213,1642607793.977596,Darwin Kernel Version 20.6.0: Wed Nov 10 22:23:07 PST 2021; root:xnu-7195.141.14~1/RELEASE_X86_64
15000,0,2n**0.1,422.3024308681488,1642608282.992482,Darwin Kernel Version 20.6.0: Wed Nov 10 22:23:07 PST 2021; root:xnu-7195.141.14~1/RELEASE_X86_64
1000,1,0,0.27973222732543945,1642664443.017895,Darwin Kernel Version 20.6.0: Wed Nov 10 22:23:07 PST 2021; root:xnu-7195.141.14~1/RELEASE_X86_64
1000,1,2n**0.1,0.24319791793823242,1642664443.592981,Darwin Kernel Version 20.6.0: Wed Nov 10 22:23:07 PST 2021; root:xnu-7195.141.14~1/RELEASE_X86_64
1000,0,0,0.20196795463562012,1642664444.114889,Darwin Kernel Version 20.6.0: Wed Nov 10 22:23:07 PST 2021; root:xnu-7195.141.14~1/RELEASE_X86_64
1000,0,2n**0.1,0.22393488883972168,1642664444.649773,Darwin Kernel Version 20.6.0: Wed Nov 10 22:23:07 PST 2021; root:xnu-7195.141.14~1/RELEASE_X86_64
2000,1,0,2.0060369968414307,1642664448.047645,Darwin Kernel Version 20.6.0: Wed Nov 10 22:23:07 PST 2021; root:xnu-7195.141.14~1/RELEASE_X86_64
2000,1,2n**0.1,1.101166009902954,1642664450.405625,Darwin Kernel Version 20.6.0: Wed Nov 10 22:23:07 PST 2021; root:xnu-7195.141.14~1/RELEASE_X86_64
2000,0,0,1.2286522388458252,1642664452.919112,Darwin Kernel Version 20.6.0: Wed Nov 10 22:23:07 PST 2021; root:xnu-7195.141.14~1/RELEASE_X86_64
2000,0,2n**0.1,1.0032157897949219,1642664455.174926,Darwin Kernel Version 20.6.0: Wed Nov 10 22:23:07 PST 2021; root:xnu-7195.141.14~1/RELEASE_X86_64
3000,1,0,7.13470721244812,1642664465.369397,Darwin Kernel Version 20.6.0: Wed Nov 10 22:23:07 PST 2021; root:xnu-7195.141.14~1/RELEASE_X86_64
3000,1,2n**0.1,3.1514999866485596,1642664471.362275,Darwin Kernel Version 20.6.0: Wed Nov 10 22:23:07 PST 2021; root:xnu-7195.141.14~1/RELEASE_X86_64
3000,0,0,4.876753091812134,1642664479.135086,Darwin Kernel Version 20.6.0: Wed Nov 10 22:23:07 PST 2021; root:xnu-7195.141.14~1/RELEASE_X86_64
3000,0,2n**0.1,2.565899133682251,1642664484.597784,Darwin Kernel Version 20.6.0: Wed Nov 10 22:23:07 PST 2021; root:xnu-7195.141.14~1/RELEASE_X86_64
4000,1,0,17.519357204437256,1642664507.471489,Darwin Kernel Version 20.6.0: Wed Nov 10 22:23:07 PST 2021; root:xnu-7195.141.14~1/RELEASE_X86_64
4000,1,2n**0.1,7.704991340637207,1642664520.178979,Darwin Kernel Version 20.6.0: Wed Nov 10 22:23:07 PST 2021; root:xnu-7195.141.14~1/RELEASE_X86_64
4000,0,0,12.683781862258911,1642664537.960108,Darwin Kernel Version 20.6.0: Wed Nov 10 22:23:07 PST 2021; root:xnu-7195.141.14~1/RELEASE_X86_64
4000,0,2n**0.1,6.03604793548584,1642664549.354638,Darwin Kernel Version 20.6.0: Wed Nov 10 22:23:07 PST 2021; root:xnu-7195.141.14~1/RELEASE_X86_64
5000,1,0,33.445992946624756,1642664591.035947,Darwin Kernel Version 20.6.0: Wed Nov 10 22:23:07 PST 2021; root:xnu-7195.141.14~1/RELEASE_X86_64
5000,1,2n**0.1,16.205859661102295,1642664614.893651,Darwin Kernel Version 20.6.0: Wed Nov 10 22:23:07 PST 2021; root:xnu-7195.141.14~1/RELEASE_X86_64
5000,0,0,25.70122528076172,1642664648.448104,Darwin Kernel Version 20.6.0: Wed Nov 10 22:23:07 PST 2021; root:xnu-7195.141.14~1/RELEASE_X86_64
5000,0,2n**0.1,12.350000143051147,1642664668.302764,Darwin Kernel Version 20.6.0: Wed Nov 10 22:23:07 PST 2021; root:xnu-7195.141.14~1/RELEASE_X86_64
6000,1,0,62.969165086746216,1642664742.701052,Darwin Kernel Version 20.6.0: Wed Nov 10 22:23:07 PST 2021; root:xnu-7195.141.14~1/RELEASE_X86_64
6000,1,2n**0.1,27.488475799560547,1642664780.651198,Darwin Kernel Version 20.6.0: Wed Nov 10 22:23:07 PST 2021; root:xnu-7195.141.14~1/RELEASE_X86_64
6000,0,0,45.23755216598511,1642664836.755594,Darwin Kernel Version 20.6.0: Wed Nov 10 22:23:07 PST 2021; root:xnu-7195.141.14~1/RELEASE_X86_64
6000,0,2n**0.1,20.822752952575684,1642664868.007881,Darwin Kernel Version 20.6.0: Wed Nov 10 22:23:07 PST 2021; root:xnu-7195.141.14~1/RELEASE_X86_64
7000,1,0,100.74602484703064,1642664983.871901,Darwin Kernel Version 20.6.0: Wed Nov 10 22:23:07 PST 2021; root:xnu-7195.141.14~1/RELEASE_X86_64
7000,1,2n**0.1,43.193299770355225,1642665041.078285,Darwin Kernel Version 20.6.0: Wed Nov 10 22:23:07 PST 2021; root:xnu-7195.141.14~1/RELEASE_X86_64
7000,0,0,71.11998796463013,1642665126.909955,Darwin Kernel Version 20.6.0: Wed Nov 10 22:23:07 PST 2021; root:xnu-7195.141.14~1/RELEASE_X86_64
7000,0,2n**0.1,32.43884801864624,1642665173.723682,Darwin Kernel Version 20.6.0: Wed Nov 10 22:23:07 PST 2021; root:xnu-7195.141.14~1/RELEASE_X86_64
8000,1,0,143.8349781036377,1642665338.086652,Darwin Kernel Version 20.6.0: Wed Nov 10 22:23:07 PST 2021; root:xnu-7195.141.14~1/RELEASE_X86_64
8000,1,2n**0.1,60.78509712219238,1642665417.529263,Darwin Kernel Version 20.6.0: Wed Nov 10 22:23:07 PST 2021; root:xnu-7195.141.14~1/RELEASE_X86_64
8000,0,0,97.9991729259491,1642665535.394174,Darwin Kernel Version 20.6.0: Wed Nov 10 22:23:07 PST 2021; root:xnu-7195.141.14~1/RELEASE_X86_64
8000,0,2n**0.1,48.29086494445801,1642665603.511666,Darwin Kernel Version 20.6.0: Wed Nov 10 22:23:07 PST 2021; root:xnu-7195.141.14~1/RELEASE_X86_64
9000,1,0,198.8044171333313,1642665827.984984,Darwin Kernel Version 20.6.0: Wed Nov 10 22:23:07 PST 2021; root:xnu-7195.141.14~1/RELEASE_X86_64
9000,1,2n**0.1,87.04589700698853,1642665938.649789,Darwin Kernel Version 20.6.0: Wed Nov 10 22:23:07 PST 2021; root:xnu-7195.141.14~1/RELEASE_X86_64
9000,0,0,147.30875182151794,1642666109.920518,Darwin Kernel Version 20.6.0: Wed Nov 10 22:23:07 PST 2021; root:xnu-7195.141.14~1/RELEASE_X86_64
9000,0,2n**0.1,66.02269530296326,1642666199.095222,Darwin Kernel Version 20.6.0: Wed Nov 10 22:23:07 PST 2021; root:xnu-7195.141.14~1/RELEASE_X86_64
10000,1,0,270.52926111221313,1642666500.642556,Darwin Kernel Version 20.6.0: Wed Nov 10 22:23:07 PST 2021; root:xnu-7195.141.14~1/RELEASE_X86_64
10000,1,2n**0.1,119.36776900291443,1642666648.143418,Darwin Kernel Version 20.6.0: Wed Nov 10 22:23:07 PST 2021; root:xnu-7195.141.14~1/RELEASE_X86_64
10000,0,0,188.85230803489685,1642666866.462789,Darwin Kernel Version 20.6.0: Wed Nov 10 22:23:07 PST 2021; root:xnu-7195.141.14~1/RELEASE_X86_64
10000,0,2n**0.1,93.09804821014404,1642666987.690618,Darwin Kernel Version 20.6.0: Wed Nov 10 22:23:07 PST 2021; root:xnu-7195.141.14~1/RELEASE_X86_64
11000,1,0,349.8753128051758,1642667375.261915,Darwin Kernel Version 20.6.0: Wed Nov 10 22:23:07 PST 2021; root:xnu-7195.141.14~1/RELEASE_X86_64
11000,1,2n**0.1,163.56243109703064,1642667575.661058,Darwin Kernel Version 20.6.0: Wed Nov 10 22:23:07 PST 2021; root:xnu-7195.141.14~1/RELEASE_X86_64
11000,0,0,258.5954740047455,1642667870.322327,Darwin Kernel Version 20.6.0: Wed Nov 10 22:23:07 PST 2021; root:xnu-7195.141.14~1/RELEASE_X86_64
11000,0,2n**0.1,137.72153401374817,1642668043.799393,Darwin Kernel Version 20.6.0: Wed Nov 10 22:23:07 PST 2021; root:xnu-7195.141.14~1/RELEASE_X86_64
12000,1,0,472.3648056983948,1642668562.187106,Darwin Kernel Version 20.6.0: Wed Nov 10 22:23:07 PST 2021; root:xnu-7195.141.14~1/RELEASE_X86_64
12000,1,2n**0.1,227.85046410560608,1642668834.255319,Darwin Kernel Version 20.6.0: Wed Nov 10 22:23:07 PST 2021; root:xnu-7195.141.14~1/RELEASE_X86_64
12000,0,0,344.7664039134979,1642669223.069108,Darwin Kernel Version 20.6.0: Wed Nov 10 22:23:07 PST 2021; root:xnu-7195.141.14~1/RELEASE_X86_64
12000,0,2n**0.1,190.8712170124054,1642669457.289043,Darwin Kernel Version 20.6.0: Wed Nov 10 22:23:07 PST 2021; root:xnu-7195.141.14~1/RELEASE_X86_64
13000,1,0,624.3798017501831,1642670138.201664,Darwin Kernel Version 20.6.0: Wed Nov 10 22:23:07 PST 2021; root:xnu-7195.141.14~1/RELEASE_X86_64
13000,1,2n**0.1,289.0040168762207,1642670479.058593,Darwin Kernel Version 20.6.0: Wed Nov 10 22:23:07 PST 2021; root:xnu-7195.141.14~1/RELEASE_X86_64
13000,0,0,441.07995796203613,1642670973.000112,Darwin Kernel Version 20.6.0: Wed Nov 10 22:23:07 PST 2021; root:xnu-7195.141.14~1/RELEASE_X86_64
13000,0,2n**0.1,229.62121415138245,1642671251.243073,Darwin Kernel Version 20.6.0: Wed Nov 10 22:23:07 PST 2021; root:xnu-7195.141.14~1/RELEASE_X86_64
14000,1,0,777.905946969986,1642672094.936761,Darwin Kernel Version 20.6.0: Wed Nov 10 22:23:07 PST 2021; root:xnu-7195.141.14~1/RELEASE_X86_64
14000,1,2n**0.1,370.7254087924957,1642672527.0404,Darwin Kernel Version 20.6.0: Wed Nov 10 22:23:07 PST 2021; root:xnu-7195.141.14~1/RELEASE_X86_64
14000,0,0,583.6399922370911,1642673172.086523,Darwin Kernel Version 20.6.0: Wed Nov 10 22:23:07 PST 2021; root:xnu-7195.141.14~1/RELEASE_X86_64
14000,0,2n**0.1,327.580002784729,1642673560.019571,Darwin Kernel Version 20.6.0: Wed Nov 10 22:23:07 PST 2021; root:xnu-7195.141.14~1/RELEASE_X86_64
15000,1,0,970.0451099872589,1642674608.92639,Darwin Kernel Version 20.6.0: Wed Nov 10 22:23:07 PST 2021; root:xnu-7195.141.14~1/RELEASE_X86_64
15000,1,2n**0.1,474.2670021057129,1642675152.50449,Darwin Kernel Version 20.6.0: Wed Nov 10 22:23:07 PST 2021; root:xnu-7195.141.14~1/RELEASE_X86_64
15000,0,0,666.3850932121277,1642675889.321983,Darwin Kernel Version 20.6.0: Wed Nov 10 22:23:07 PST 2021; root:xnu-7195.141.14~1/RELEASE_X86_64
15000,0,2n**0.1,343.6039950847626,1642676301.791322,Darwin Kernel Version 20.6.0: Wed Nov 10 22:23:07 PST 2021; root:xnu-7195.141.14~1/RELEASE_X86_64
15000,0,2n**0.1,697.3349449634552,1641992107.750031,Darwin Kernel Version 21.2.0: Sun Nov 28 20:28:54 PST 2021; root:xnu-8019.61.5~1/RELEASE_X86_64
10,1,0,0.0005471706390380859,1643727729.884104,Darwin Kernel Version 21.2.0: Sun Nov 28 20:28:54 PST 2021; root:xnu-8019.61.5~1/RELEASE_X86_64
10,1,2n**0.1,0.0006117820739746094,1643727729.886694,Darwin Kernel Version 21.2.0: Sun Nov 28 20:28:54 PST 2021; root:xnu-8019.61.5~1/RELEASE_X86_64
10,0,0,0.0005109310150146484,1643727729.887948,Darwin Kernel Version 21.2.0: Sun Nov 28 20:28:54 PST 2021; root:xnu-8019.61.5~1/RELEASE_X86_64
10,0,2n**0.1,0.0005230903625488281,1643727729.889182,Darwin Kernel Version 21.2.0: Sun Nov 28 20:28:54 PST 2021; root:xnu-8019.61.5~1/RELEASE_X86_64
100,1,0,0.0056951045989990234,1643727729.897911,Darwin Kernel Version 21.2.0: Sun Nov 28 20:28:54 PST 2021; root:xnu-8019.61.5~1/RELEASE_X86_64
100,1,2n**0.1,0.005895137786865234,1643727729.909025,Darwin Kernel Version 21.2.0: Sun Nov 28 20:28:54 PST 2021; root:xnu-8019.61.5~1/RELEASE_X86_64
100,0,0,0.0040667057037353516,1643727729.91783,Darwin Kernel Version 21.2.0: Sun Nov 28 20:28:54 PST 2021; root:xnu-8019.61.5~1/RELEASE_X86_64
100,0,2n**0.1,0.004940986633300781,1643727729.925887,Darwin Kernel Version 21.2.0: Sun Nov 28 20:28:54 PST 2021; root:xnu-8019.61.5~1/RELEASE_X86_64
500,1,0,0.048291921615600586,1643727730.035361,Darwin Kernel Version 21.2.0: Sun Nov 28 20:28:54 PST 2021; root:xnu-8019.61.5~1/RELEASE_X86_64
500,1,2n**0.1,0.05797624588012695,1643727730.144736,Darwin Kernel Version 21.2.0: Sun Nov 28 20:28:54 PST 2021; root:xnu-8019.61.5~1/RELEASE_X86_64
500,0,0,0.03197288513183594,1643727730.231654,Darwin Kernel Version 21.2.0: Sun Nov 28 20:28:54 PST 2021; root:xnu-8019.61.5~1/RELEASE_X86_64
500,0,2n**0.1,0.04735708236694336,1643727730.330031,Darwin Kernel Version 21.2.0: Sun Nov 28 20:28:54 PST 2021; root:xnu-8019.61.5~1/RELEASE_X86_64
10,1,0,0.0007097721099853516,1643727756.746454,Darwin Kernel Version 21.2.0: Sun Nov 28 20:28:54 PST 2021; root:xnu-8019.61.5~1/RELEASE_X86_64
10,1,0,0.000537872314453125,1643727756.747699,Darwin Kernel Version 21.2.0: Sun Nov 28 20:28:54 PST 2021; root:xnu-8019.61.5~1/RELEASE_X86_64
10,1,0,0.000518798828125,1643727756.748878,Darwin Kernel Version 21.2.0: Sun Nov 28 20:28:54 PST 2021; root:xnu-8019.61.5~1/RELEASE_X86_64
10,1,0,0.000537872314453125,1643727756.750121,Darwin Kernel Version 21.2.0: Sun Nov 28 20:28:54 PST 2021; root:xnu-8019.61.5~1/RELEASE_X86_64
10,1,0,0.0005412101745605469,1643727756.751439,Darwin Kernel Version 21.2.0: Sun Nov 28 20:28:54 PST 2021; root:xnu-8019.61.5~1/RELEASE_X86_64
10,1,0,0.0005741119384765625,1643727756.752841,Darwin Kernel Version 21.2.0: Sun Nov 28 20:28:54 PST 2021; root:xnu-8019.61.5~1/RELEASE_X86_64
10,1,0,0.0004820823669433594,1643727756.753935,Darwin Kernel Version 21.2.0: Sun Nov 28 20:28:54 PST 2021; root:xnu-8019.61.5~1/RELEASE_X86_64
10,1,0,0.0004668235778808594,1643727756.755023,Darwin Kernel Version 21.2.0: Sun Nov 28 20:28:54 PST 2021; root:xnu-8019.61.5~1/RELEASE_X86_64
10,1,0,0.0005240440368652344,1643727756.756316,Darwin Kernel Version 21.2.0: Sun Nov 28 20:28:54 PST 2021; root:xnu-8019.61.5~1/RELEASE_X86_64
10,1,0,0.0005140304565429688,1643727756.757661,Darwin Kernel Version 21.2.0: Sun Nov 28 20:28:54 PST 2021; root:xnu-8019.61.5~1/RELEASE_X86_64
10,1,2n**0.1,0.00057220458984375,1643727756.758826,Darwin Kernel Version 21.2.0: Sun Nov 28 20:28:54 PST 2021; root:xnu-8019.61.5~1/RELEASE_X86_64
10,1,2n**0.1,0.0006101131439208984,1643727756.760042,Darwin Kernel Version 21.2.0: Sun Nov 28 20:28:54 PST 2021; root:xnu-8019.61.5~1/RELEASE_X86_64
10,1,2n**0.1,0.0005772113800048828,1643727756.76133,Darwin Kernel Version 21.2.0: Sun Nov 28 20:28:54 PST 2021; root:xnu-8019.61.5~1/RELEASE_X86_64
10,1,2n**0.1,0.0005600452423095703,1643727756.762492,Darwin Kernel Version 21.2.0: Sun Nov 28 20:28:54 PST 2021; root:xnu-8019.61.5~1/RELEASE_X86_64
10,1,2n**0.1,0.0006029605865478516,1643727756.763766,Darwin Kernel Version 21.2.0: Sun Nov 28 20:28:54 PST 2021; root:xnu-8019.61.5~1/RELEASE_X86_64
10,1,2n**0.1,0.000560760498046875,1643727756.76494,Darwin Kernel Version 21.2.0: Sun Nov 28 20:28:54 PST 2021; root:xnu-8019.61.5~1/RELEASE_X86_64
10,1,2n**0.1,0.0005550384521484375,1643727756.766055,Darwin Kernel Version 21.2.0: Sun Nov 28 20:28:54 PST 2021; root:xnu-8019.61.5~1/RELEASE_X86_64
10,1,2n**0.1,0.0005700588226318359,1643727756.767237,Darwin Kernel Version 21.2.0: Sun Nov 28 20:28:54 PST 2021; root:xnu-8019.61.5~1/RELEASE_X86_64
10,1,2n**0.1,0.0006062984466552734,1643727756.768501,Darwin Kernel Version 21.2.0: Sun Nov 28 20:28:54 PST 2021; root:xnu-8019.61.5~1/RELEASE_X86_64
10,1,2n**0.1,0.0007548332214355469,1643727756.770169,Darwin Kernel Version 21.2.0: Sun Nov 28 20:28:54 PST 2021; root:xnu-8019.61.5~1/RELEASE_X86_64
10,0,0,0.00045680999755859375,1643727756.771558,Darwin Kernel Version 21.2.0: Sun Nov 28 20:28:54 PST 2021; root:xnu-8019.61.5~1/RELEASE_X86_64
10,0,0,0.0003771781921386719,1643727756.77252,Darwin Kernel Version 21.2.0: Sun Nov 28 20:28:54 PST 2021; root:xnu-8019.61.5~1/RELEASE_X86_64
10,0,0,0.0003981590270996094,1643727756.773466,Darwin Kernel Version 21.2.0: Sun Nov 28 20:28:54 PST 2021; root:xnu-8019.61.5~1/RELEASE_X86_64
10,0,0,0.0003719329833984375,1643727756.774357,Darwin Kernel Version 21.2.0: Sun Nov 28 20:28:54 PST 2021; root:xnu-8019.61.5~1/RELEASE_X86_64
10,0,0,0.0003693103790283203,1643727756.775238,Darwin Kernel Version 21.2.0: Sun Nov 28 20:28:54 PST 2021; root:xnu-8019.61.5~1/RELEASE_X86_64
10,0,0,0.0003719329833984375,1643727756.776129,Darwin Kernel Version 21.2.0: Sun Nov 28 20:28:54 PST 2021; root:xnu-8019.61.5~1/RELEASE_X86_64
10,0,0,0.00038909912109375,1643727756.777054,Darwin Kernel Version 21.2.0: Sun Nov 28 20:28:54 PST 2021; root:xnu-8019.61.5~1/RELEASE_X86_64
10,0,0,0.0003809928894042969,1643727756.778028,Darwin Kernel Version 21.2.0: Sun Nov 28 20:28:54 PST 2021; root:xnu-8019.61.5~1/RELEASE_X86_64
10,0,0,0.0003809928894042969,1643727756.779049,Darwin Kernel Version 21.2.0: Sun Nov 28 20:28:54 PST 2021; root:xnu-8019.61.5~1/RELEASE_X86_64
10,0,0,0.0005331039428710938,1643727756.780284,Darwin Kernel Version 21.2.0: Sun Nov 28 20:28:54 PST 2021; root:xnu-8019.61.5~1/RELEASE_X86_64
10,0,2n**0.1,0.0005421638488769531,1643727756.781626,Darwin Kernel Version 21.2.0: Sun Nov 28 20:28:54 PST 2021; root:xnu-8019.61.5~1/RELEASE_X86_64
10,0,2n**0.1,0.0004630088806152344,1643727756.782772,Darwin Kernel Version 21.2.0: Sun Nov 28 20:28:54 PST 2021; root:xnu-8019.61.5~1/RELEASE_X86_64
10,0,2n**0.1,0.0005259513854980469,1643727756.783987,Darwin Kernel Version 21.2.0: Sun Nov 28 20:28:54 PST 2021; root:xnu-8019.61.5~1/RELEASE_X86_64
10,0,2n**0.1,0.0005128383636474609,1643727756.785224,Darwin Kernel Version 21.2.0: Sun Nov 28 20:28:54 PST 2021; root:xnu-8019.61.5~1/RELEASE_X86_64
10,0,2n**0.1,0.0005161762237548828,1643727756.786439,Darwin Kernel Version 21.2.0: Sun Nov 28 20:28:54 PST 2021; root:xnu-8019.61.5~1/RELEASE_X86_64
10,0,2n**0.1,0.0005791187286376953,1643727756.787627,Darwin Kernel Version 21.2.0: Sun Nov 28 20:28:54 PST 2021; root:xnu-8019.61.5~1/RELEASE_X86_64
10,0,2n**0.1,0.0004889965057373047,1643727756.788722,Darwin Kernel Version 21.2.0: Sun Nov 28 20:28:54 PST 2021; root:xnu-8019.61.5~1/RELEASE_X86_64
10,0,2n**0.1,0.0004680156707763672,1643727756.78973,Darwin Kernel Version 21.2.0: Sun Nov 28 20:28:54 PST 2021; root:xnu-8019.61.5~1/RELEASE_X86_64
10,0,2n**0.1,0.0004680156707763672,1643727756.790733,Darwin Kernel Version 21.2.0: Sun Nov 28 20:28:54 PST 2021; root:xnu-8019.61.5~1/RELEASE_X86_64
10,0,2n**0.1,0.0004699230194091797,1643727756.791808,Darwin Kernel Version 21.2.0: Sun Nov 28 20:28:54 PST 2021; root:xnu-8019.61.5~1/RELEASE_X86_64
100,1,0,0.007506370544433594,1643727756.802353,Darwin Kernel Version 21.2.0: Sun Nov 28 20:28:54 PST 2021; root:xnu-8019.61.5~1/RELEASE_X86_64
100,1,0,0.004888057708740234,1643727756.810355,Darwin Kernel Version 21.2.0: Sun Nov 28 20:28:54 PST 2021; root:xnu-8019.61.5~1/RELEASE_X86_64
100,1,0,0.00626826286315918,1643727756.821002,Darwin Kernel Version 21.2.0: Sun Nov 28 20:28:54 PST 2021; root:xnu-8019.61.5~1/RELEASE_X86_64
100,1,0,0.007927894592285156,1643727756.833732,Darwin Kernel Version 21.2.0: Sun Nov 28 20:28:54 PST 2021; root:xnu-8019.61.5~1/RELEASE_X86_64
100,1,0,0.00574183464050293,1643727756.842941,Darwin Kernel Version 21.2.0: Sun Nov 28 20:28:54 PST 2021; root:xnu-8019.61.5~1/RELEASE_X86_64
100,1,0,0.00762176513671875,1643727756.854075,Darwin Kernel Version 21.2.0: Sun Nov 28 20:28:54 PST 2021; root:xnu-8019.61.5~1/RELEASE_X86_64
100,1,0,0.004958391189575195,1643727756.862316,Darwin Kernel Version 21.2.0: Sun Nov 28 20:28:54 PST 2021; root:xnu-8019.61.5~1/RELEASE_X86_64
100,1,0,0.006008148193359375,1643727756.872306,Darwin Kernel Version 21.2.0: Sun Nov 28 20:28:54 PST 2021; root:xnu-8019.61.5~1/RELEASE_X86_64
100,1,0,0.005002021789550781,1643727756.880621,Darwin Kernel Version 21.2.0: Sun Nov 28 20:28:54 PST 2021; root:xnu-8019.61.5~1/RELEASE_X86_64
100,1,0,0.005335092544555664,1643727756.889959,Darwin Kernel Version 21.2.0: Sun Nov 28 20:28:54 PST 2021; root:xnu-8019.61.5~1/RELEASE_X86_64
100,1,2n**0.1,0.0073320865631103516,1643727756.900731,Darwin Kernel Version 21.2.0: Sun Nov 28 20:28:54 PST 2021; root:xnu-8019.61.5~1/RELEASE_X86_64
100,1,2n**0.1,0.005431175231933594,1643727756.909586,Darwin Kernel Version 21.2.0: Sun Nov 28 20:28:54 PST 2021; root:xnu-8019.61.5~1/RELEASE_X86_64
100,1,2n**0.1,0.007544994354248047,1643727756.920763,Darwin Kernel Version 21.2.0: Sun Nov 28 20:28:54 PST 2021; root:xnu-8019.61.5~1/RELEASE_X86_64
100,1,2n**0.1,0.006978750228881836,1643727756.931278,Darwin Kernel Version 21.2.0: Sun Nov 28 20:28:54 PST 2021; root:xnu-8019.61.5~1/RELEASE_X86_64
100,1,2n**0.1,0.005863189697265625,1643727756.941654,Darwin Kernel Version 21.2.0: Sun Nov 28 20:28:54 PST 2021; root:xnu-8019.61.5~1/RELEASE_X86_64
100,1,2n**0.1,0.009140968322753906,1643727756.954454,Darwin Kernel Version 21.2.0: Sun Nov 28 20:28:54 PST 2021; root:xnu-8019.61.5~1/RELEASE_X86_64
100,1,2n**0.1,0.006403684616088867,1643727756.964416,Darwin Kernel Version 21.2.0: Sun Nov 28 20:28:54 PST 2021; root:xnu-8019.61.5~1/RELEASE_X86_64
100,1,2n**0.1,0.006761789321899414,1643727756.975855,Darwin Kernel Version 21.2.0: Sun Nov 28 20:28:54 PST 2021; root:xnu-8019.61.5~1/RELEASE_X86_64
100,1,2n**0.1,0.008227825164794922,1643727756.98769,Darwin Kernel Version 21.2.0: Sun Nov 28 20:28:54 PST 2021; root:xnu-8019.61.5~1/RELEASE_X86_64
100,1,2n**0.1,0.0069811344146728516,1643727756.999347,Darwin Kernel Version 21.2.0: Sun Nov 28 20:28:54 PST 2021; root:xnu-8019.61.5~1/RELEASE_X86_64
100,0,0,0.0033850669860839844,1643727757.006328,Darwin Kernel Version 21.2.0: Sun Nov 28 20:28:54 PST 2021; root:xnu-8019.61.5~1/RELEASE_X86_64
100,0,0,0.005258083343505859,1643727757.014941,Darwin Kernel Version 21.2.0: Sun Nov 28 20:28:54 PST 2021; root:xnu-8019.61.5~1/RELEASE_X86_64
100,0,0,0.00408482551574707,1643727757.023681,Darwin Kernel Version 21.2.0: Sun Nov 28 20:28:54 PST 2021; root:xnu-8019.61.5~1/RELEASE_X86_64
100,0,0,0.0059740543365478516,1643727757.033486,Darwin Kernel Version 21.2.0: Sun Nov 28 20:28:54 PST 2021; root:xnu-8019.61.5~1/RELEASE_X86_64
100,0,0,0.0036690235137939453,1643727757.043145,Darwin Kernel Version 21.2.0: Sun Nov 28 20:28:54 PST 2021; root:xnu-8019.61.5~1/RELEASE_X86_64
100,0,0,0.005291938781738281,1643727757.052653,Darwin Kernel Version 21.2.0: Sun Nov 28 20:28:54 PST 2021; root:xnu-8019.61.5~1/RELEASE_X86_64
100,0,0,0.0035240650177001953,1643727757.060446,Darwin Kernel Version 21.2.0: Sun Nov 28 20:28:54 PST 2021; root:xnu-8019.61.5~1/RELEASE_X86_64
100,0,0,0.005159139633178711,1643727757.070412,Darwin Kernel Version 21.2.0: Sun Nov 28 20:28:54 PST 2021; root:xnu-8019.61.5~1/RELEASE_X86_64
100,0,0,0.0035331249237060547,1643727757.078483,Darwin Kernel Version 21.2.0: Sun Nov 28 20:28:54 PST 2021; root:xnu-8019.61.5~1/RELEASE_X86_64
100,0,0,0.0042231082916259766,1643727757.087492,Darwin Kernel Version 21.2.0: Sun Nov 28 20:28:54 PST 2021; root:xnu-8019.61.5~1/RELEASE_X86_64
100,0,2n**0.1,0.004746913909912109,1643727757.095681,Darwin Kernel Version 21.2.0: Sun Nov 28 20:28:54 PST 2021; root:xnu-8019.61.5~1/RELEASE_X86_64
100,0,2n**0.1,0.004717826843261719,1643727757.104091,Darwin Kernel Version 21.2.0: Sun Nov 28 20:28:54 PST 2021; root:xnu-8019.61.5~1/RELEASE_X86_64
100,0,2n**0.1,0.004637956619262695,1643727757.11199,Darwin Kernel Version 21.2.0: Sun Nov 28 20:28:54 PST 2021; root:xnu-8019.61.5~1/RELEASE_X86_64
100,0,2n**0.1,0.004971027374267578,1643727757.121472,Darwin Kernel Version 21.2.0: Sun Nov 28 20:28:54 PST 2021; root:xnu-8019.61.5~1/RELEASE_X86_64
100,0,2n**0.1,0.0047800540924072266,1643727757.129463,Darwin Kernel Version 21.2.0: Sun Nov 28 20:28:54 PST 2021; root:xnu-8019.61.5~1/RELEASE_X86_64
100,0,2n**0.1,0.005730152130126953,1643727757.138873,Darwin Kernel Version 21.2.0: Sun Nov 28 20:28:54 PST 2021; root:xnu-8019.61.5~1/RELEASE_X86_64
100,0,2n**0.1,0.0047342777252197266,1643727757.146858,Darwin Kernel Version 21.2.0: Sun Nov 28 20:28:54 PST 2021; root:xnu-8019.61.5~1/RELEASE_X86_64
100,0,2n**0.1,0.007025957107543945,1643727757.158088,Darwin Kernel Version 21.2.0: Sun Nov 28 20:28:54 PST 2021; root:xnu-8019.61.5~1/RELEASE_X86_64
100,0,2n**0.1,0.00507807731628418,1643727757.166548,Darwin Kernel Version 21.2.0: Sun Nov 28 20:28:54 PST 2021; root:xnu-8019.61.5~1/RELEASE_X86_64
100,0,2n**0.1,0.00468897819519043,1643727757.175245,Darwin Kernel Version 21.2.0: Sun Nov 28 20:28:54 PST 2021; root:xnu-8019.61.5~1/RELEASE_X86_64
500,1,0,0.05139493942260742,1643727757.286245,Darwin Kernel Version 21.2.0: Sun Nov 28 20:28:54 PST 2021; root:xnu-8019.61.5~1/RELEASE_X86_64
500,1,0,0.042507171630859375,1643727757.380994,Darwin Kernel Version 21.2.0: Sun Nov 28 20:28:54 PST 2021; root:xnu-8019.61.5~1/RELEASE_X86_64
500,1,0,0.04140782356262207,1643727757.474976,Darwin Kernel Version 21.2.0: Sun Nov 28 20:28:54 PST 2021; root:xnu-8019.61.5~1/RELEASE_X86_64
500,1,0,0.0403749942779541,1643727757.57427,Darwin Kernel Version 21.2.0: Sun Nov 28 20:28:54 PST 2021; root:xnu-8019.61.5~1/RELEASE_X86_64
500,1,0,0.04174184799194336,1643727757.669526,Darwin Kernel Version 21.2.0: Sun Nov 28 20:28:54 PST 2021; root:xnu-8019.61.5~1/RELEASE_X86_64
500,1,0,0.0425112247467041,1643727757.763477,Darwin Kernel Version 21.2.0: Sun Nov 28 20:28:54 PST 2021; root:xnu-8019.61.5~1/RELEASE_X86_64
500,1,0,0.043924808502197266,1643727757.861308,Darwin Kernel Version 21.2.0: Sun Nov 28 20:28:54 PST 2021; root:xnu-8019.61.5~1/RELEASE_X86_64
500,1,0,0.04125022888183594,1643727757.956803,Darwin Kernel Version 21.2.0: Sun Nov 28 20:28:54 PST 2021; root:xnu-8019.61.5~1/RELEASE_X86_64
500,1,0,0.041625022888183594,1643727758.051522,Darwin Kernel Version 21.2.0: Sun Nov 28 20:28:54 PST 2021; root:xnu-8019.61.5~1/RELEASE_X86_64
500,1,0,0.04298114776611328,1643727758.145717,Darwin Kernel Version 21.2.0: Sun Nov 28 20:28:54 PST 2021; root:xnu-8019.61.5~1/RELEASE_X86_64
500,1,2n**0.1,0.05004429817199707,1643727758.247723,Darwin Kernel Version 21.2.0: Sun Nov 28 20:28:54 PST 2021; root:xnu-8019.61.5~1/RELEASE_X86_64
500,1,2n**0.1,0.050850868225097656,1643727758.352681,Darwin Kernel Version 21.2.0: Sun Nov 28 20:28:54 PST 2021; root:xnu-8019.61.5~1/RELEASE_X86_64
500,1,2n**0.1,0.05030202865600586,1643727758.456691,Darwin Kernel Version 21.2.0: Sun Nov 28 20:28:54 PST 2021; root:xnu-8019.61.5~1/RELEASE_X86_64
500,1,2n**0.1,0.052024126052856445,1643727758.560851,Darwin Kernel Version 21.2.0: Sun Nov 28 20:28:54 PST 2021; root:xnu-8019.61.5~1/RELEASE_X86_64
500,1,2n**0.1,0.05121588706970215,1643727758.664792,Darwin Kernel Version 21.2.0: Sun Nov 28 20:28:54 PST 2021; root:xnu-8019.61.5~1/RELEASE_X86_64
500,1,2n**0.1,0.05247807502746582,1643727758.769262,Darwin Kernel Version 21.2.0: Sun Nov 28 20:28:54 PST 2021; root:xnu-8019.61.5~1/RELEASE_X86_64
500,1,2n**0.1,0.05223584175109863,1643727758.875346,Darwin Kernel Version 21.2.0: Sun Nov 28 20:28:54 PST 2021; root:xnu-8019.61.5~1/RELEASE_X86_64
500,1,2n**0.1,0.05123424530029297,1643727758.983126,Darwin Kernel Version 21.2.0: Sun Nov 28 20:28:54 PST 2021; root:xnu-8019.61.5~1/RELEASE_X86_64
500,1,2n**0.1,0.052392005920410156,1643727759.088656,Darwin Kernel Version 21.2.0: Sun Nov 28 20:28:54 PST 2021; root:xnu-8019.61.5~1/RELEASE_X86_64
500,1,2n**0.1,0.050477027893066406,1643727759.188994,Darwin Kernel Version 21.2.0: Sun Nov 28 20:28:54 PST 2021; root:xnu-8019.61.5~1/RELEASE_X86_64
500,0,0,0.03290104866027832,1643727759.274949,Darwin Kernel Version 21.2.0: Sun Nov 28 20:28:54 PST 2021; root:xnu-8019.61.5~1/RELEASE_X86_64
500,0,0,0.03266501426696777,1643727759.360168,Darwin Kernel Version 21.2.0: Sun Nov 28 20:28:54 PST 2021; root:xnu-8019.61.5~1/RELEASE_X86_64
500,0,0,0.0331120491027832,1643727759.443911,Darwin Kernel Version 21.2.0: Sun Nov 28 20:28:54 PST 2021; root:xnu-8019.61.5~1/RELEASE_X86_64
500,0,0,0.032636165618896484,1643727759.528454,Darwin Kernel Version 21.2.0: Sun Nov 28 20:28:54 PST 2021; root:xnu-8019.61.5~1/RELEASE_X86_64
500,0,0,0.0325167179107666,1643727759.613996,Darwin Kernel Version 21.2.0: Sun Nov 28 20:28:54 PST 2021; root:xnu-8019.61.5~1/RELEASE_X86_64
500,0,0,0.03295707702636719,1643727759.699802,Darwin Kernel Version 21.2.0: Sun Nov 28 20:28:54 PST 2021; root:xnu-8019.61.5~1/RELEASE_X86_64
500,0,0,0.032648324966430664,1643727759.785628,Darwin Kernel Version 21.2.0: Sun Nov 28 20:28:54 PST 2021; root:xnu-8019.61.5~1/RELEASE_X86_64
500,0,0,0.03626608848571777,1643727759.874508,Darwin Kernel Version 21.2.0: Sun Nov 28 20:28:54 PST 2021; root:xnu-8019.61.5~1/RELEASE_X86_64
500,0,0,0.03331303596496582,1643727759.96137,Darwin Kernel Version 21.2.0: Sun Nov 28 20:28:54 PST 2021; root:xnu-8019.61.5~1/RELEASE_X86_64
500,0,0,0.03271031379699707,1643727760.047011,Darwin Kernel Version 21.2.0: Sun Nov 28 20:28:54 PST 2021; root:xnu-8019.61.5~1/RELEASE_X86_64
500,0,2n**0.1,0.04379892349243164,1643727760.142814,Darwin Kernel Version 21.2.0: Sun Nov 28 20:28:54 PST 2021; root:xnu-8019.61.5~1/RELEASE_X86_64
500,0,2n**0.1,0.043724775314331055,1643727760.238813,Darwin Kernel Version 21.2.0: Sun Nov 28 20:28:54 PST 2021; root:xnu-8019.61.5~1/RELEASE_X86_64
500,0,2n**0.1,0.04379010200500488,1643727760.336537,Darwin Kernel Version 21.2.0: Sun Nov 28 20:28:54 PST 2021; root:xnu-8019.61.5~1/RELEASE_X86_64
500,0,2n**0.1,0.0433049201965332,1643727760.43381,Darwin Kernel Version 21.2.0: Sun Nov 28 20:28:54 PST 2021; root:xnu-8019.61.5~1/RELEASE_X86_64
500,0,2n**0.1,0.044007062911987305,1643727760.529956,Darwin Kernel Version 21.2.0: Sun Nov 28 20:28:54 PST 2021; root:xnu-8019.61.5~1/RELEASE_X86_64
500,0,2n**0.1,0.04397392272949219,1643727760.625785,Darwin Kernel Version 21.2.0: Sun Nov 28 20:28:54 PST 2021; root:xnu-8019.61.5~1/RELEASE_X86_64
500,0,2n**0.1,0.04530000686645508,1643727760.722631,Darwin Kernel Version 21.2.0: Sun Nov 28 20:28:54 PST 2021; root:xnu-8019.61.5~1/RELEASE_X86_64
500,0,2n**0.1,0.04464888572692871,1643727760.822081,Darwin Kernel Version 21.2.0: Sun Nov 28 20:28:54 PST 2021; root:xnu-8019.61.5~1/RELEASE_X86_64
500,0,2n**0.1,0.04349374771118164,1643727760.920407,Darwin Kernel Version 21.2.0: Sun Nov 28 20:28:54 PST 2021; root:xnu-8019.61.5~1/RELEASE_X86_64
500,0,2n**0.1,0.04267311096191406,1643727761.013772,Darwin Kernel Version 21.2.0: Sun Nov 28 20:28:54 PST 2021; root:xnu-8019.61.5~1/RELEASE_X86_64
