Worker,J1,J2,J3,J4,J5,J6,J7,J8,J9,J10,J11,J12,J13,J14,J15,J16,J17,J18,J19,J20,J21,J22,J23,J24,J25,J26,J27,J28,J29,J30,J31,J32,J33,J34,J35,J36,J37,J38,J39,J40,J41,J42,J43,J44,J45,J46,J47,J48,J49,J50
W1,107,36,107,19,96,98,87,86,66,94,59,98,73,63,68,83,22,29,42,24,56,76,90,71,106,75,35,87,84,82,85,68,31,79,97,50,72,24,50,59,118,46,51,58,125,93,23,36,96,38
W2,80,43,81,23,79,74,85,80,50,79,35,84,68,53,63,58,12,22,37,36,45,69,73,49,90,59,31,80,64,60,62,69,16,67,80,47,69,20,41,55,86,38,31,53,98,76,26,35,88,13
W3,98,43,95,20,104,93,104,81,62,94,57,93,74,77,83,81,26,35,49,37,63,79,80,79,105,79,31,104,70,76,74,78,37,78,100,62,76,29,58,65,125,40,61,59,121,107,34,45,98,19
W4,93,46,84,30,94,84,88,83,60,77,50,96,64,58,62,76,30,40,53,38,58,74,83,73,108,67,23,81,65,79,74,69,26,79,92,55,86,21,47,70,113,37,50,58,120,93,35,51,88,20
W5,66,16,60,14,73,72,55,63,34,62,39,70,42,50,37,49,16,19,20,28,39,58,52,40,75,40,25,66,46,48,39,57,29,43,53,25,42,24,44,34,79,21,29,41,80,75,7,23,59,14
W6,121,51,104,36,107,105,104,87,82,88,47,99,77,64,67,88,38,32,46,37,80,98,99,75,111,78,41,110,74,95,75,87,42,74,106,49,88,37,51,67,136,44,46,67,127,116,24,59,109,27
W7,109,49,97,13,98,96,88,87,73,80,54,87,79,63,59,85,18,38,38,43,69,90,82,65,105,81,37,84,78,73,71,81,26,80,95,45,76,26,60,64,122,51,54,62,111,100,17,41,107,26
W8,93,44,108,31,92,95,97,81,62,83,59,101,82,73,80,68,34,27,45,36,61,79,78,74,99,72,39,88,85,91,78,68,25,70,99,45,79,18,56,53,119,34,43,54,123,94,25,47,100,32
W9,73,25,72,12,74,64,69,65,50,66,34,54,50,37,55,44,11,19,33,24,52,55,51,35,58,47,29,63,58,46,41,57,13,41,62,43,57,9,44,49,82,37,28,50,73,74,19,36,69,22
W10,85,40,86,11,88,81,76,71,65,82,48,79,68,52,62,66,16,25,29,20,52,71,63,53,87,57,22,76,63,65,68,58,25,59,74,47,60,17,52,61,99,45,48,50,102,81,20,38,92,30
W11,79,35,71,24,78,77,82,70,44,66,32,81,49,46,57,64,20,37,45,19,61,69,69,44,84,65,26,66,60,74,65,51,35,69,70,47,61,22,42,56,100,40,48,57,82,76,25,37,69,13
W12,108,46,99,18,96,104,93,94,71,94,57,103,85,76,84,88,28,39,43,38,61,101,97,64,117,74,38,93,82,91,87,78,43,86,98,59,90,25,64,76,130,52,56,60,130,108,29,44,103,23
W13,103,31,82,31,91,88,94,77,54,88,39,90,79,70,62,77,26,34,34,29,63,89,68,67,103,80,26,80,66,83,79,73,21,62,90,50,64,28,52,49,98,39,51,63,107,92,34,40,88,25
W14,93,38,100,33,104,104,99,79,66,101,40,106,80,62,78,85,16,29,50,45,56,90,78,71,108,69,35,105,86,74,73,71,31,69,106,59,87,20,46,73,113,47,59,52,108,95,19,36,108,31
W15,93,40,91,14,76,86,74,62,59,79,51,88,54,60,65,67,28,37,37,18,52,65,62,47,89,63,26,83,64,71,54,69,25,55,87,48,57,15,35,47,87,40,41,60,101,87,21,28,73,25
W16,62,19,64,25,68,73,67,54,45,55,41,62,51,57,52,53,19,32,28,27,54,63,59,41,69,63,23,64,52,61,55,58,18,57,68,46,50,11,38,45,86,29,44,42,75,66,28,24,80,15
W17,80,32,89,19,92,87,83,78,69,76,36,83,73,52,71,69,25,28,49,20,53,73,74,58,84,61,19,86,64,73,69,70,29,69,88,48,72,19,44,62,98,39,37,53,103,94,24,36,98,25
W18,69,31,63,23,53,70,68,54,47,56,26,67,42,37,44,55,14,23,19,13,32,45,61,49,72,39,10,55,49,49,48,40,25,43,52,37,58,6,34,47,76,34,29,35,77,58,11,30,67,10
W19,103,39,101,34,90,108,97,93,66,87,56,102,70,71,77,76,35,40,44,25,70,81,91,69,104,71,35,90,76,91,87,87,42,78,93,60,87,36,59,57,117,43,57,60,114,96,33,50,92,28
W20,93,37,100,15,86,81,83,88,71,72,48,82,63,56,59,70,34,35,47,31,49,70,73,57,102,77,35,90,71,79,68,73,35,75,92,38,78,21,56,59,114,37,54,63,103,95,25,47,96,33
W21,96,40,96,32,92,97,87,91,64,85,51,95,81,66,69,67,15,34,55,42,67,87,81,59,92,72,26,88,70,71,77,83,35,73,94,47,71,27,55,52,111,38,42,64,115,105,29,54,104,31
W22,86,32,87,23,79,83,75,72,47,79,41,81,57,59,46,51,20,33,42,25,53,68,76,55,78,69,16,84,52,60,66,63,35,63,79,37,52,12,39,39,89,40,48,47,98,90,28,34,74,32
W23,105,43,99,32,109,96,99,95,74,103,49,114,81,79,72,73,19,37,60,28,68,86,101,77,119,87,36,110,73,98,88,87,33,88,104,47,96,22,52,72,120,55,53,57,136,113,23,53,110,21
W24,111,41,108,33,105,105,96,84,68,101,53,98,85,76,82,76,31,40,47,34,60,85,90,78,117,73,36,91,84,84,79,84,31,85,104,64,87,23,64,65,122,38,44,66,115,119,34,51,110,32
W25,91,39,98,32,91,96,93,77,59,86,40,87,72,59,71,66,22,35,56,37,72,82,83,65,111,86,40,100,76,83,86,70,29,83,95,45,80,22,63,72,110,44,59,66,110,105,29,47,89,24
W26,77,24,65,12,61,60,64,68,37,57,25,68,47,52,51,59,21,24,40,24,54,70,61,51,67,60,25,74,48,63,52,45,15,53,64,28,54,21,34,54,86,30,43,41,73,62,27,41,74,12
W27,80,24,73,15,83,71,90,71,51,74,47,76,53,46,66,56,25,28,44,19,62,76,70,50,96,60,25,77,58,67,57,53,22,55,79,51,60,12,38,53,91,36,31,47,95,85,23,43,82,31
W28,63,20,55,11,62,55,69,53,49,59,28,54,51,37,39,56,16,14,28,20,48,57,46,34,66,37,15,51,37,60,38,36,29,39,67,22,42,8,38,42,70,22,22,39,66,66,20,35,62,7
W29,63,35,68,19,65,58,73,64,55,67,29,60,46,53,49,51,27,27,40,33,35,55,62,52,63,48,22,70,44,57,48,45,21,49,69,31,61,8,45,33,83,26,31,31,82,63,20,35,74,23
W30,91,44,100,18,84,99,84,83,57,76,53,84,75,66,58,65,30,34,35,42,56,71,89,53,99,82,31,92,70,70,74,79,21,79,90,50,68,27,45,55,114,32,46,60,102,94,21,45,104,34
W31,92,30,87,25,88,88,101,92,72,82,51,96,66,65,70,73,30,40,46,38,69,85,78,70,106,85,23,91,84,80,84,63,21,79,92,50,76,23,63,53,118,50,51,58,107,105,24,37,94,38
W32,105,38,112,20,115,113,115,102,68,91,51,104,90,77,80,91,31,37,48,37,61,98,95,78,114,89,42,105,82,82,89,90,39,90,114,62,87,20,50,63,124,52,53,57,121,123,38,46,115,36
W33,86,39,78,16,77,69,70,67,52,70,36,71,47,52,56,67,20,27,26,20,46,62,61,49,85,50,19,66,54,67,48,54,14,67,79,34,55,12,41,53,90,41,35,42,89,73,30,27,76,21
W34,70,31,76,13,69,66,66,67,44,80,34,79,63,52,63,52,14,24,28,23,47,73,62,61,87,68,16,85,62,75,57,69,27,50,75,33,72,16,37,51,88,26,46,55,96,83,18,36,78,15
W35,75,29,81,13,73,88,78,74,57,80,46,77,70,52,66,62,14,35,28,34,44,66,73,65,84,56,20,88,69,61,62,58,20,70,83,36,70,20,37,52,89,31,49,55,89,93,24,45,88,21
W36,71,29,73,11,64,62,63,52,36,71,25,75,42,52,45,53,13,25,31,25,43,60,66,45,69,45,18,58,46,66,44,52,29,62,61,29,52,19,48,38,73,25,42,32,78,64,11,40,59,16
W37,76,29,56,15,75,62,65,58,47,52,40,74,42,51,54,56,14,23,37,16,50,66,60,41,69,42,29,60,42,60,54,53,12,55,68,40,60,11,31,51,77,28,29,43,82,58,18,40,61,14
W38,93,25,81,19,88,73,80,65,62,78,41,79,56,64,62,60,20,36,43,28,50,75,74,58,78,63,28,89,65,66,65,56,18,67,92,50,69,12,56,52,93,44,46,56,93,97,21,38,89,27
W39,65,25,67,26,74,66,74,66,46,62,43,70,47,52,52,54,23,35,29,22,39,64,58,45,78,52,21,67,49,51,61,45,19,58,61,40,62,21,35,35,90,27,41,37,76,80,27,40,76,15
W40,104,43,86,14,99,85,96,72,58,79,41,94,80,71,71,66,34,35,44,36,67,90,81,65,102,67,25,92,63,73,77,81,30,69,90,52,76,14,53,58,112,49,56,59,106,96,17,51,101,33
W41,79,30,88,20,84,79,78,73,62,70,46,74,60,63,68,72,17,37,47,38,43,75,79,61,79,69,17,78,66,66,67,57,28,65,83,38,61,16,44,54,91,34,36,44,98,92,17,45,83,16
W42,100,32,91,21,99,104,90,95,62,83,54,104,79,59,64,76,25,47,43,29,75,81,76,66,104,81,39,106,74,94,81,68,41,69,102,59,77,21,55,73,112,47,49,54,123,113,28,39,95,27
W43,96,40,89,22,89,96,98,85,54,95,37,102,62,63,59,64,29,40,36,42,58,78,77,63,92,71,23,82,70,82,79,69,26,78,97,56,85,32,62,58,108,37,41,63,116,105,18,43,89,35
W44,71,24,76,26,83,65,69,58,47,68,32,64,57,41,47,48,11,27,42,32,41,55,61,54,83,65,20,65,48,55,49,65,19,64,75,40,59,27,32,39,85,31,38,51,90,73,16,39,69,21
W45,104,47,106,23,96,95,96,82,71,85,53,103,87,59,77,69,23,30,40,28,56,95,77,66,110,88,38,89,88,87,71,76,41,75,93,61,92,36,66,73,117,38,52,56,118,109,35,42,97,34
W46,92,42,104,25,96,104,94,90,66,80,51,88,85,68,68,77,29,32,42,32,60,91,77,74,101,78,24,94,82,78,69,76,25,72,97,53,83,30,63,55,113,34,40,56,119,112,32,48,107,21
W47,87,41,69,18,84,75,83,77,52,62,36,70,59,54,55,55,17,33,26,21,59,60,65,47,74,59,24,69,52,57,64,68,18,56,74,38,58,12,45,47,88,30,48,50,90,76,27,43,69,31
W48,79,23,78,9,63,64,71,67,48,58,31,79,66,54,44,64,23,28,27,35,47,54,57,48,68,53,22,80,48,63,66,62,33,49,78,48,55,19,42,47,82,42,47,42,92,75,25,35,73,13
W49,98,35,87,16,102,83,97,89,53,86,49,88,75,60,66,71,30,37,40,41,67,90,85,61,104,68,24,89,82,79,70,70,26,74,89,50,72,20,62,57,100,38,48,49,106,91,24,47,104,25
W50,75,21,72,17,70,69,65,52,46,67,43,73,43,46,39,55,27,15,34,32,50,55,48,54,78,53,30,53,53,45,60,54,30,51,56,24,50,22,30,49,72,29,27,40,77,59,18,36,76,15
