Source,D1,D2,D3,D4,D5,D6,D7,D8,D9,D10,D11,D12,D13,D14,D15,D16,D17,D18,D19,D20,D21,D22,D23,D24,D25,D26,D27,D28,D29,D30
S1,1810,2210,1950,2030,1770,2060,1350,900,880,920,1390,2310,2320,1160,2200,2110,710,2370,1420,1840,2100,1570,940,1550,2330,1160,2320,950,1450,1590
S2,2470,1330,1370,2060,2710,2480,1220,1430,1990,1540,2170,1100,2640,1060,1950,2030,770,1310,1640,1640,2040,1930,2030,1530,1880,2560,1750,1340,1400,1020
S3,890,1090,1960,1760,2460,1150,1590,890,2730,1890,2710,880,1900,1830,1670,1110,1320,1840,1470,1050,1980,1640,2310,1860,2040,1100,1890,1490,1660,2490
S4,1040,2520,1650,1570,1360,1390,2300,2380,1460,2460,1540,1860,2240,1720,1630,920,1240,1000,1700,2090,880,1270,1860,1580,1910,1290,2200,2280,1650,1300
S5,1570,2310,940,2190,1730,2190,2380,1240,1470,1820,1030,1550,660,1810,2200,690,1960,2030,2550,740,740,1850,760,1240,1920,1540,1540,1270,1250,1450
S6,2460,1560,1380,2740,2510,2200,2060,1540,1620,1460,1460,700,1440,2780,1320,1720,1180,1780,940,1460,1830,1810,2020,1750,1160,2200,1680,1700,1470,1390
S7,2340,890,2810,1820,1820,1680,2450,1650,1360,830,1430,2410,530,1790,1980,1040,1710,1300,1830,750,1840,2400,750,1520,1550,1850,1600,2030,2260,2440
S8,1610,970,1420,2370,2150,1490,1670,880,1570,1790,1780,1760,1700,2570,2130,1780,2270,1860,1070,1840,1950,1630,2100,2020,2410,970,2750,2230,1580,1520
S9,2210,550,1760,1720,2360,2690,1640,2260,680,2260,1920,1980,980,1950,1550,1570,1260,1100,900,1930,1260,2370,1930,1570,2740,950,1660,1810,1100,1800
S10,690,2250,2030,1800,680,1160,1520,2180,2650,1580,2310,1470,1580,1910,2340,2150,1480,1620,1240,1320,2610,2510,1020,1940,1430,1620,1250,1190,2350,1440
S11,1460,1060,1650,1460,1170,2130,2180,1360,1030,1820,2730,2440,1870,1630,1690,1160,2440,1830,670,1540,1060,1740,1960,1570,1900,1480,1880,1920,1330,1650
S12,2780,1370,830,1760,1650,2080,1300,2150,1350,1840,2610,2260,1410,1130,1740,1900,780,1560,2410,690,2190,1080,1540,1840,1170,2670,1600,2060,1570,1920
S13,2440,2540,1780,1940,2120,2480,2580,1010,2240,1540,1180,1710,1000,1640,1570,820,1210,1480,2280,1590,2760,1910,2530,1900,1120,1100,940,1590,1900,1240
S14,740,2080,1940,1740,1320,1430,1800,1760,1710,1340,2540,2350,2110,2300,2070,1240,1970,760,1910,1900,1360,720,980,2460,1390,1870,2700,1520,1800,1840
S15,1910,1040,1530,1200,1450,800,1420,1270,1370,1300,1800,860,1410,1580,2100,1350,1390,1440,2040,2220,2380,1910,2160,1120,2470,1770,1910,2370,1880,2300
S16,2030,630,1630,1390,1800,1440,1700,1640,2080,2090,2200,1390,960,1260,790,1870,2260,2120,1890,770,940,1700,1120,1180,1710,2010,1630,1170,2310,2620
S17,2510,2140,980,2140,1810,2070,2290,2240,1970,1490,1950,1960,2370,790,1850,1900,1620,2040,2380,2080,1980,1510,2260,1550,1740,1600,1530,1100,760,1000
S18,1940,1610,1290,1160,1690,1560,1730,1580,2070,1300,1690,1020,1290,1780,1630,1580,1310,1030,2460,1970,2080,1860,2440,2070,2300,1210,1980,1550,2610,2520
S19,1650,2020,1620,1820,1290,1670,1750,2260,1430,1260,1020,2240,970,860,1990,2190,1260,2480,2330,1480,2690,2020,1720,980,2080,1570,1530,1110,2170,2570
S20,2320,860,2140,2120,1460,2150,1270,2060,1740,2500,2460,1740,2700,2010,650,1630,1960,1960,660,1330,1620,2360,1350,1650,1450,2130,560,2060,1750,1530
S21,1760,1870,1710,1750,2670,2370,1800,1940,1130,2050,880,2250,1840,1020,1940,1060,1990,630,1510,2260,1940,1620,1900,1970,1730,1980,1540,1680,2290,2150
S22,1680,2400,1630,1770,1980,1370,2030,1060,950,1460,2780,1680,720,1960,1610,1820,2440,1840,1030,2440,970,1390,2270,1900,1660,2570,1450,1280,850,1190
S23,1940,2460,1420,1940,2620,2590,1930,830,1320,2600,2490,1610,1480,1410,1300,1380,780,1920,1410,520,720,1430,1900,1970,1540,1610,2100,1590,1650,1160
S24,1430,1890,1500,2680,1780,2520,1920,870,1090,2290,1280,1960,1960,1000,2010,1710,1520,1130,2260,2020,670,1600,1240,2260,1970,1080,2390,1950,1870,1170
S25,1670,1080,1380,1200,2480,1870,2450,1280,1200,2410,1360,1960,2770,920,1420,1260,880,1410,2030,1520,2140,1750,2190,920,1420,2670,1780,1490,1680,1840
S26,2530,2780,1470,1790,2430,1990,2090,2170,1650,1430,1910,800,1390,960,1800,1790,2220,1610,1770,1610,1510,2160,1980,1560,1740,2280,1340,1570,1480,1610
S27,1440,2200,1520,2730,2240,2030,2170,1280,900,1660,800,700,870,2490,1920,1660,1450,1630,1840,1190,2540,1060,1860,2820,1910,1290,1550,2110,1110,1480
S28,1890,2250,1490,1240,1260,2630,1340,1180,1660,2100,1700,2180,1640,2050,1920,2780,920,1120,1360,1610,1470,1740,2020,1980,1370,980,2320,1320,2240,1070
S29,640,1460,1890,1860,1730,1410,1780,2100,2670,1080,1340,2020,2440,1240,2320,1720,1380,1640,2330,1040,1830,1800,2110,1230,1640,1350,1010,1840,1010,2220
S30,1940,1520,2170,1860,1430,2040,1430,1480,1580,1670,1740,1850,1070,1310,1240,1570,1510,1860,2370,1410,2370,1980,2100,2500,1590,2500,1800,1750,1950,2020
S31,1000,2080,1640,1540,1250,2490,1380,1860,1170,1280,970,970,1820,2230,1940,950,750,1610,2210,1340,1590,1180,1600,1680,1440,2040,1830,830,1250,2490
S32,2280,2080,1440,1840,1580,1470,1770,1780,2190,1350,2090,1030,1900,2240,1440,2760,1410,2160,1570,1470,2400,2130,1430,2160,1800,1610,2170,1810,1070,670
S33,1780,1070,2190,1520,1380,1130,2060,1700,1580,2030,2120,2330,2770,1640,1010,2260,2390,2850,1690,1560,2050,1500,2010,1300,1260,1460,1980,2050,1450,1780
S34,1300,1220,2020,1550,1140,1040,1360,2270,1900,730,2370,1220,1020,1720,1210,2010,2060,1790,2320,1950,1170,1050,1670,1190,2330,2220,1990,1590,1800,1720
S35,1580,2140,2420,2340,1860,610,1690,1730,2140,2060,2220,1400,2050,1750,1080,1850,1820,1820,1830,2330,1380,1570,1360,2420,1800,1570,930,2170,1200,1480
S36,2180,1810,1850,1440,1290,1590,850,1330,2760,2100,1610,1630,1430,800,1120,1380,1900,1520,1220,1210,2150,2000,1620,1260,1120,1230,1460,2100,1660,960
S37,1830,1790,1000,2140,1820,2000,2300,2650,2020,2110,1790,1490,2100,1830,2310,2200,1280,2000,950,2000,1740,2040,1370,2360,1080,760,2020,1660,1990,1280
S38,2350,1550,2720,2370,1290,1900,640,2070,1080,1040,2600,2000,2720,1560,1520,1430,640,800,920,790,1960,2380,2360,1360,2180,2500,1850,1540,1760,2290
S39,1290,1880,1250,1780,2010,1520,1000,2160,1830,2280,1180,1840,1130,2310,1790,1120,910,1770,2780,750,1100,1580,1860,2320,1710,1610,1700,1900,800,1750
S40,2390,2360,1710,2530,1950,1520,2160,1420,1370,2020,1600,2380,1490,1040,2040,2160,1740,2060,1990,840,1940,1560,1740,1770,1740,2160,1100,1500,1660,2110
S41,1950,1820,2540,2440,1860,1230,2020,1390,1540,1180,1180,1050,1530,2050,2690,1190,2000,1520,1450,1230,1540,2390,1800,2310,1620,2750,1580,1300,1940,1060
S42,1330,1460,1580,1540,810,2040,1760,2280,1570,2020,1340,1240,1410,2050,1550,2120,1720,920,1330,1700,1000,690,1280,1580,1790,610,1810,1640,2200,1410
S43,2310,1500,1270,1920,2250,1940,2050,1830,1940,2000,2710,1490,1880,2080,1610,1430,1640,1390,2460,2640,1830,1520,2600,2300,1710,1950,1560,2140,680,1270
S44,2190,1540,1060,1620,870,1070,1090,1750,800,1840,1110,1980,1060,1820,2220,2330,1860,1380,2570,1620,1890,2760,1730,1880,1220,1930,2040,2070,1360,1680
S45,1980,950,1320,1540,1110,780,1800,1470,1720,2300,2040,1420,2170,1830,1560,1440,2450,2130,1600,1180,1450,1030,1060,900,1680,690,2740,2000,1670,1680
S46,2400,1730,880,600,2530,1220,1840,1880,2540,1420,1780,1480,1610,1280,2100,1260,1740,1790,1560,1130,1070,740,1170,1440,1490,2170,1680,930,1380,2160
S47,1840,1480,910,980,1810,1480,1270,1740,1310,1760,1300,1400,1020,1880,1900,1400,2300,1810,2490,1770,1570,1360,2220,1690,1580,2400,1240,1340,2150,1680
S48,2140,1690,1200,1270,2100,1020,1110,840,1020,2410,1480,1290,2390,880,2470,1060,1530,1360,1800,1760,1560,1090,1360,1660,1500,1860,1860,2380,1350,1030
S49,1010,1800,2070,2180,1790,1620,2370,1690,2280,1950,1600,1010,1420,2640,1450,2030,2560,1370,2310,2220,1280,1180,2020,2110,1180,1850,2200,1680,1410,1500
S50,1050,1260,2180,1580,1980,1670,2140,1020,2400,650,2400,1320,1600,1470,2240,1450,2240,1630,2130,2290,1160,1840,2540,1710,890,1760,1170,2200,1350,820
