Source,D1,D2,D3,D4,D5,D6,D7,D8,D9,D10,D11,D12,D13,D14,D15,D16,D17,D18,D19,D20,D21,D22,D23,D24,D25,D26,D27,D28,D29,D30,D31,D32,D33,D34,D35,D36,D37,D38,D39,D40,D41,D42,D43,D44,D45,D46,D47,D48,D49,D50,D51,D52,D53,D54,D55,D56,D57,D58,D59,D60,Supply
S1,31,79,58,49,53,59,8,18,28,15,47,69,67,50,87,59,12,78,60,65,59,58,13,58,81,34,62,7,38,46,0,0,0,0,0,0,0,0,0,0,0,0,0,0,0,0,0,0,0,0,0,0,0,0,0,0,0,0,0,0,135
S2,99,25,31,44,100,86,8,27,83,10,87,32,93,33,46,68,17,58,53,80,100,68,44,44,45,83,35,21,37,7,0,0,0,0,0,0,0,0,0,0,0,0,0,0,0,0,0,0,0,0,0,0,0,0,0,0,0,0,0,0,410
S3,15,13,79,74,71,49,73,20,91,53,95,19,52,71,52,47,20,41,27,33,70,65,63,39,97,13,37,16,37,97,0,0,0,0,0,0,0,0,0,0,0,0,0,0,0,0,0,0,0,0,0,0,0,0,0,0,0,0,0,0,362
S4,40,92,52,72,48,30,78,98,30,79,30,73,80,48,75,31,12,14,47,91,17,48,72,24,74,34,82,60,57,21,0,0,0,0,0,0,0,0,0,0,0,0,0,0,0,0,0,0,0,0,0,0,0,0,0,0,0,0,0,0,275
S5,49,87,6,77,52,74,68,46,34,65,18,61,14,67,65,13,77,44,80,8,22,52,23,36,68,18,70,14,21,61,0,0,0,0,0,0,0,0,0,0,0,0,0,0,0,0,0,0,0,0,0,0,0,0,0,0,0,0,0,0,273
S6,81,21,33,93,100,60,47,38,63,61,33,7,19,97,45,51,49,80,11,12,31,51,69,52,47,95,20,59,57,50,0,0,0,0,0,0,0,0,0,0,0,0,0,0,0,0,0,0,0,0,0,0,0,0,0,0,0,0,0,0,444
S7,82,30,96,36,57,54,86,47,32,7,39,84,5,91,57,18,34,58,35,15,68,69,16,31,28,68,75,74,95,78,0,0,0,0,0,0,0,0,0,0,0,0,0,0,0,0,0,0,0,0,0,0,0,0,0,0,0,0,0,0,134
S8,35,15,64,92,98,27,27,8,18,58,57,40,34,84,49,82,97,35,24,96,65,32,64,54,91,29,100,94,22,20,0,0,0,0,0,0,0,0,0,0,0,0,0,0,0,0,0,0,0,0,0,0,0,0,0,0,0,0,0,0,379
S9,56,9,33,46,98,100,19,90,13,76,86,90,26,90,16,54,50,35,7,79,37,68,44,40,90,14,75,76,41,30,0,0,0,0,0,0,0,0,0,0,0,0,0,0,0,0,0,0,0,0,0,0,0,0,0,0,0,0,0,0,180
S10,5,94,95,28,8,16,11,84,90,19,76,22,40,62,74,88,9,23,31,34,100,79,35,98,52,53,46,18,94,6,0,0,0,0,0,0,0,0,0,0,0,0,0,0,0,0,0,0,0,0,0,0,0,0,0,0,0,0,0,0,137
S11,21,27,31,17,6,70,98,16,33,53,94,71,78,60,45,24,87,82,7,73,13,75,84,17,46,16,59,94,12,43,0,0,0,0,0,0,0,0,0,0,0,0,0,0,0,0,0,0,0,0,0,0,0,0,0,0,0,0,0,0,311
S12,98,33,17,51,53,68,35,96,55,32,97,93,52,7,62,58,19,65,85,15,74,18,76,45,5,97,20,62,22,94,0,0,0,0,0,0,0,0,0,0,0,0,0,0,0,0,0,0,0,0,0,0,0,0,0,0,0,0,0,0,491
S13,75,82,46,49,65,80,86,6,68,15,32,84,29,81,49,27,37,55,78,63,94,88,77,62,32,44,16,40,93,45,0,0,0,0,0,0,0,0,0,0,0,0,0,0,0,0,0,0,0,0,0,0,0,0,0,0,0,0,0,0,395
S14,15,67,97,88,31,48,55,28,30,27,100,76,85,83,97,15,89,11,50,62,39,19,23,84,35,34,93,18,92,93,0,0,0,0,0,0,0,0,0,0,0,0,0,0,0,0,0,0,0,0,0,0,0,0,0,0,0,0,0,0,405
S15,62,20,19,32,60,19,48,16,56,7,73,10,23,21,84,10,46,61,54,70,82,42,84,35,99,53,75,89,81,86,0,0,0,0,0,0,0,0,0,0,0,0,0,0,0,0,0,0,0,0,0,0,0,0,0,0,0,0,0,0,387
S16,56,9,52,22,90,27,26,28,66,59,96,44,32,9,5,40,93,55,90,14,13,85,15,9,43,93,71,14,85,85,0,0,0,0,0,0,0,0,0,0,0,0,0,0,0,0,0,0,0,0,0,0,0,0,0,0,0,0,0,0,415
S17,81,91,28,99,35,81,60,79,65,66,64,79,75,17,84,56,36,54,97,87,85,49,80,41,70,66,28,30,10,18,0,0,0,0,0,0,0,0,0,0,0,0,0,0,0,0,0,0,0,0,0,0,0,0,0,0,0,0,0,0,305
S18,46,50,20,45,63,27,37,40,53,40,75,36,46,41,22,70,27,33,81,96,69,92,87,51,78,36,49,56,97,86,0,0,0,0,0,0,0,0,0,0,0,0,0,0,0,0,0,0,0,0,0,0,0,0,0,0,0,0,0,0,151
S19,51,67,24,82,58,56,78,65,11,32,21,75,8,24,62,71,53,87,93,17,96,63,66,14,64,74,60,13,55,94,0,0,0,0,0,0,0,0,0,0,0,0,0,0,0,0,0,0,0,0,0,0,0,0,0,0,0,0,0,0,436
S20,74,18,97,97,21,81,44,61,47,80,100,81,94,95,13,29,74,61,9,14,54,64,21,21,17,59,5,59,50,49,0,0,0,0,0,0,0,0,0,0,0,0,0,0,0,0,0,0,0,0,0,0,0,0,0,0,0,0,0,0,280
S21,70,55,74,78,93,81,54,52,27,62,18,94,86,16,80,16,74,13,51,68,74,45,93,79,24,69,75,37,75,91,0,0,0,0,0,0,0,0,0,0,0,0,0,0,0,0,0,0,0,0,0,0,0,0,0,0,0,0,0,0,300
S22,83,78,65,30,81,39,56,35,35,20,97,19,13,94,58,47,75,41,17,75,21,58,96,94,39,79,63,51,18,41,0,0,0,0,0,0,0,0,0,0,0,0,0,0,0,0,0,0,0,0,0,0,0,0,0,0,0,0,0,0,248
S23,67,99,5,73,86,96,45,16,31,86,89,66,16,16,50,61,8,70,57,6,14,48,74,84,46,33,97,49,35,47,0,0,0,0,0,0,0,0,0,0,0,0,0,0,0,0,0,0,0,0,0,0,0,0,0,0,0,0,0,0,173
S24,6,33,54,93,75,80,57,15,42,100,9,89,70,32,79,85,9,15,68,100,7,68,18,67,64,13,70,91,87,7,0,0,0,0,0,0,0,0,0,0,0,0,0,0,0,0,0,0,0,0,0,0,0,0,0,0,0,0,0,0,471
S25,28,28,48,18,87,79,82,24,6,92,32,68,92,8,5,5,20,9,83,63,99,81,97,27,32,86,28,10,69,81,0,0,0,0,0,0,0,0,0,0,0,0,0,0,0,0,0,0,0,0,0,0,0,0,0,0,0,0,0,0,413
S26,97,94,16,79,86,72,83,85,47,8,48,24,15,16,71,53,56,76,57,65,13,86,48,19,83,75,10,23,6,30,0,0,0,0,0,0,0,0,0,0,0,0,0,0,0,0,0,0,0,0,0,0,0,0,0,0,0,0,0,0,358
S27,14,73,55,99,76,63,53,10,11,64,5,9,26,89,49,73,44,21,40,13,78,22,41,99,61,49,57,80,29,66,0,0,0,0,0,0,0,0,0,0,0,0,0,0,0,0,0,0,0,0,0,0,0,0,0,0,0,0,0,0,261
S28,88,59,47,18,28,95,56,33,35,60,56,72,29,67,47,95,20,19,49,53,71,43,92,50,17,16,98,17,95,31,0,0,0,0,0,0,0,0,0,0,0,0,0,0,0,0,0,0,0,0,0,0,0,0,0,0,0,0,0,0,429
S29,13,34,64,46,80,63,43,65,98,44,19,44,85,25,96,61,62,35,93,8,33,45,50,50,19,26,14,59,38,59,0,0,0,0,0,0,0,0,0,0,0,0,0,0,0,0,0,0,0,0,0,0,0,0,0,0,0,0,0,0,318
S30,61,72,57,67,61,67,64,35,28,80,37,57,23,46,55,65,55,39,97,54,82,75,58,90,17,93,86,53,75,54,0,0,0,0,0,0,0,0,0,0,0,0,0,0,0,0,0,0,0,0,0,0,0,0,0,0,0,0,0,0,277
S31,30,81,28,35,54,85,41,52,8,16,10,11,88,85,83,10,12,31,59,37,51,21,75,35,11,76,91,6,46,84,0,0,0,0,0,0,0,0,0,0,0,0,0,0,0,0,0,0,0,0,0,0,0,0,0,0,0,0,0,0,280
S32,72,87,44,40,73,19,27,62,69,16,53,40,53,97,12,100,48,79,45,34,78,71,18,72,77,42,93,66,37,6,0,0,0,0,0,0,0,0,0,0,0,0,0,0,0,0,0,0,0,0,0,0,0,0,0,0,0,0,0,0,191
S33,69,25,77,55,49,20,73,20,45,85,93,99,96,58,24,85,81,100,67,18,53,48,85,42,36,12,85,77,8,46,0,0,0,0,0,0,0,0,0,0,0,0,0,0,0,0,0,0,0,0,0,0,0,0,0,0,0,0,0,0,136
S34,51,50,93,19,34,22,28,92,95,9,65,27,23,33,23,52,100,61,74,52,6,13,30,28,85,85,86,66,58,67,0,0,0,0,0,0,0,0,0,0,0,0,0,0,0,0,0,0,0,0,0,0,0,0,0,0,0,0,0,0,322
S35,44,69,81,78,63,10,74,40,76,56,89,37,94,86,36,51,56,78,71,86,40,53,46,92,34,61,16,86,41,37,0,0,0,0,0,0,0,0,0,0,0,0,0,0,0,0,0,0,0,0,0,0,0,0,0,0,0,0,0,0,456
S36,60,52,86,56,54,15,7,43,100,93,65,65,42,22,5,37,35,23,29,7,63,94,71,48,45,34,18,62,59,5,0,0,0,0,0,0,0,0,0,0,0,0,0,0,0,0,0,0,0,0,0,0,0,0,0,0,0,0,0,0,125
S37,44,31,21,72,55,65,73,99,82,64,89,50,99,78,67,91,54,74,32,97,64,80,49,88,12,15,53,75,82,47,0,0,0,0,0,0,0,0,0,0,0,0,0,0,0,0,0,0,0,0,0,0,0,0,0,0,0,0,0,0,444
S38,67,58,97,67,45,98,15,99,19,32,83,75,98,76,66,38,5,16,33,8,53,79,97,52,89,99,87,49,36,98,0,0,0,0,0,0,0,0,0,0,0,0,0,0,0,0,0,0,0,0,0,0,0,0,0,0,0,0,0,0,431
S39,28,44,12,81,67,13,26,58,56,81,30,93,47,83,27,8,10,40,96,9,40,15,94,69,78,73,68,79,5,88,0,0,0,0,0,0,0,0,0,0,0,0,0,0,0,0,0,0,0,0,0,0,0,0,0,0,0,0,0,0,210
S40,76,75,42,81,41,9,92,27,14,64,27,87,47,5,96,54,30,70,55,7,77,43,72,90,63,69,29,27,44,86,0,0,0,0,0,0,0,0,0,0,0,0,0,0,0,0,0,0,0,0,0,0,0,0,0,0,0,0,0,0,353
S41,55,38,79,86,91,33,73,61,48,43,15,31,57,90,88,23,70,13,69,37,48,73,45,82,56,100,66,33,79,44,0,0,0,0,0,0,0,0,0,0,0,0,0,0,0,0,0,0,0,0,0,0,0,0,0,0,0,0,0,0,166
S42,56,18,16,60,22,100,87,72,75,62,10,42,52,92,26,52,38,17,14,40,12,11,38,24,58,6,33,48,97,65,0,0,0,0,0,0,0,0,0,0,0,0,0,0,0,0,0,0,0,0,0,0,0,0,0,0,0,0,0,0,403
S43,89,37,48,45,90,97,97,77,53,56,99,32,38,91,42,27,58,36,90,92,34,55,99,76,25,61,64,67,7,33,0,0,0,0,0,0,0,0,0,0,0,0,0,0,0,0,0,0,0,0,0,0,0,0,0,0,0,0,0,0,380
S44,87,28,33,35,22,19,38,88,5,32,10,58,29,81,61,80,65,47,87,50,96,100,61,69,29,83,69,91,30,80,0,0,0,0,0,0,0,0,0,0,0,0,0,0,0,0,0,0,0,0,0,0,0,0,0,0,0,0,0,0,242
S45,50,22,21,58,35,14,46,67,35,96,79,54,94,46,18,8,95,97,75,14,33,8,9,28,59,11,99,48,30,54,0,0,0,0,0,0,0,0,0,0,0,0,0,0,0,0,0,0,0,0,0,0,0,0,0,0,0,0,0,0,127
S46,80,35,9,9,86,15,66,41,79,10,91,72,48,24,98,33,52,42,27,44,19,5,32,15,44,87,20,5,15,53,0,0,0,0,0,0,0,0,0,0,0,0,0,0,0,0,0,0,0,0,0,0,0,0,0,0,0,0,0,0,489
S47,31,51,7,36,44,46,57,79,49,85,55,29,26,35,62,28,92,51,87,70,37,26,76,36,28,94,51,9,52,49,0,0,0,0,0,0,0,0,0,0,0,0,0,0,0,0,0,0,0,0,0,0,0,0,0,0,0,0,0,0,278
S48,87,73,23,19,62,9,35,18,6,93,13,5,94,23,83,8,19,15,72,64,50,28,13,59,27,61,70,86,52,5,0,0,0,0,0,0,0,0,0,0,0,0,0,0,0,0,0,0,0,0,0,0,0,0,0,0,0,0,0,0,458
S49,31,86,56,64,48,20,91,79,100,87,32,29,28,93,58,48,97,62,92,99,12,39,75,83,19,35,57,81,15,62,0,0,0,0,0,0,0,0,0,0,0,0,0,0,0,0,0,0,0,0,0,0,0,0,0,0,0,0,0,0,371
S50,33,25,54,44,66,35,84,12,87,7,75,38,41,6,72,20,68,74,86,72,33,75,84,35,16,90,19,62,27,17,0,0,0,0,0,0,0,0,0,0,0,0,0,0,0,0,0,0,0,0,0,0,0,0,0,0,0,0,0,0,412
S51,0,0,0,0,0,0,0,0,0,0,0,0,0,0,0,0,0,0,0,0,0,0,0,0,0,0,0,0,0,0,31,79,58,49,53,59,8,18,28,15,47,69,67,50,87,59,12,78,60,65,59,58,13,58,81,34,62,7,38,46,135
S52,0,0,0,0,0,0,0,0,0,0,0,0,0,0,0,0,0,0,0,0,0,0,0,0,0,0,0,0,0,0,99,25,31,44,100,86,8,27,83,10,87,32,93,33,46,68,17,58,53,80,100,68,44,44,45,83,35,21,37,7,410
S53,0,0,0,0,0,0,0,0,0,0,0,0,0,0,0,0,0,0,0,0,0,0,0,0,0,0,0,0,0,0,15,13,79,74,71,49,73,20,91,53,95,19,52,71,52,47,20,41,27,33,70,65,63,39,97,13,37,16,37,97,362
S54,0,0,0,0,0,0,0,0,0,0,0,0,0,0,0,0,0,0,0,0,0,0,0,0,0,0,0,0,0,0,40,92,52,72,48,30,78,98,30,79,30,73,80,48,75,31,12,14,47,91,17,48,72,24,74,34,82,60,57,21,275
S55,0,0,0,0,0,0,0,0,0,0,0,0,0,0,0,0,0,0,0,0,0,0,0,0,0,0,0,0,0,0,49,87,6,77,52,74,68,46,34,65,18,61,14,67,65,13,77,44,80,8,22,52,23,36,68,18,70,14,21,61,273
S56,0,0,0,0,0,0,0,0,0,0,0,0,0,0,0,0,0,0,0,0,0,0,0,0,0,0,0,0,0,0,81,21,33,93,100,60,47,38,63,61,33,7,19,97,45,51,49,80,11,12,31,51,69,52,47,95,20,59,57,50,444
S57,0,0,0,0,0,0,0,0,0,0,0,0,0,0,0,0,0,0,0,0,0,0,0,0,0,0,0,0,0,0,82,30,96,36,57,54,86,47,32,7,39,84,5,91,57,18,34,58,35,15,68,69,16,31,28,68,75,74,95,78,134
S58,0,0,0,0,0,0,0,0,0,0,0,0,0,0,0,0,0,0,0,0,0,0,0,0,0,0,0,0,0,0,35,15,64,92,98,27,27,8,18,58,57,40,34,84,49,82,97,35,24,96,65,32,64,54,91,29,100,94,22,20,379
S59,0,0,0,0,0,0,0,0,0,0,0,0,0,0,0,0,0,0,0,0,0,0,0,0,0,0,0,0,0,0,56,9,33,46,98,100,19,90,13,76,86,90,26,90,16,54,50,35,7,79,37,68,44,40,90,14,75,76,41,30,180
S60,0,0,0,0,0,0,0,0,0,0,0,0,0,0,0,0,0,0,0,0,0,0,0,0,0,0,0,0,0,0,5,94,95,28,8,16,11,84,90,19,76,22,40,62,74,88,9,23,31,34,100,79,35,98,52,53,46,18,94,6,137
S61,0,0,0,0,0,0,0,0,0,0,0,0,0,0,0,0,0,0,0,0,0,0,0,0,0,0,0,0,0,0,21,27,31,17,6,70,98,16,33,53,94,71,78,60,45,24,87,82,7,73,13,75,84,17,46,16,59,94,12,43,311
S62,0,0,0,0,0,0,0,0,0,0,0,0,0,0,0,0,0,0,0,0,0,0,0,0,0,0,0,0,0,0,98,33,17,51,53,68,35,96,55,32,97,93,52,7,62,58,19,65,85,15,74,18,76,45,5,97,20,62,22,94,491
S63,0,0,0,0,0,0,0,0,0,0,0,0,0,0,0,0,0,0,0,0,0,0,0,0,0,0,0,0,0,0,75,82,46,49,65,80,86,6,68,15,32,84,29,81,49,27,37,55,78,63,94,88,77,62,32,44,16,40,93,45,395
S64,0,0,0,0,0,0,0,0,0,0,0,0,0,0,0,0,0,0,0,0,0,0,0,0,0,0,0,0,0,0,15,67,97,88,31,48,55,28,30,27,100,76,85,83,97,15,89,11,50,62,39,19,23,84,35,34,93,18,92,93,405
S65,0,0,0,0,0,0,0,0,0,0,0,0,0,0,0,0,0,0,0,0,0,0,0,0,0,0,0,0,0,0,62,20,19,32,60,19,48,16,56,7,73,10,23,21,84,10,46,61,54,70,82,42,84,35,99,53,75,89,81,86,387
S66,0,0,0,0,0,0,0,0,0,0,0,0,0,0,0,0,0,0,0,0,0,0,0,0,0,0,0,0,0,0,56,9,52,22,90,27,26,28,66,59,96,44,32,9,5,40,93,55,90,14,13,85,15,9,43,93,71,14,85,85,415
S67,0,0,0,0,0,0,0,0,0,0,0,0,0,0,0,0,0,0,0,0,0,0,0,0,0,0,0,0,0,0,81,91,28,99,35,81,60,79,65,66,64,79,75,17,84,56,36,54,97,87,85,49,80,41,70,66,28,30,10,18,305
S68,0,0,0,0,0,0,0,0,0,0,0,0,0,0,0,0,0,0,0,0,0,0,0,0,0,0,0,0,0,0,46,50,20,45,63,27,37,40,53,40,75,36,46,41,22,70,27,33,81,96,69,92,87,51,78,36,49,56,97,86,151
S69,0,0,0,0,0,0,0,0,0,0,0,0,0,0,0,0,0,0,0,0,0,0,0,0,0,0,0,0,0,0,51,67,24,82,58,56,78,65,11,32,21,75,8,24,62,71,53,87,93,17,96,63,66,14,64,74,60,13,55,94,436
S70,0,0,0,0,0,0,0,0,0,0,0,0,0,0,0,0,0,0,0,0,0,0,0,0,0,0,0,0,0,0,74,18,97,97,21,81,44,61,47,80,100,81,94,95,13,29,74,61,9,14,54,64,21,21,17,59,5,59,50,49,280
S71,0,0,0,0,0,0,0,0,0,0,0,0,0,0,0,0,0,0,0,0,0,0,0,0,0,0,0,0,0,0,70,55,74,78,93,81,54,52,27,62,18,94,86,16,80,16,74,13,51,68,74,45,93,79,24,69,75,37,75,91,300
S72,0,0,0,0,0,0,0,0,0,0,0,0,0,0,0,0,0,0,0,0,0,0,0,0,0,0,0,0,0,0,83,78,65,30,81,39,56,35,35,20,97,19,13,94,58,47,75,41,17,75,21,58,96,94,39,79,63,51,18,41,248
S73,0,0,0,0,0,0,0,0,0,0,0,0,0,0,0,0,0,0,0,0,0,0,0,0,0,0,0,0,0,0,67,99,5,73,86,96,45,16,31,86,89,66,16,16,50,61,8,70,57,6,14,48,74,84,46,33,97,49,35,47,173
S74,0,0,0,0,0,0,0,0,0,0,0,0,0,0,0,0,0,0,0,0,0,0,0,0,0,0,0,0,0,0,6,33,54,93,75,80,57,15,42,100,9,89,70,32,79,85,9,15,68,100,7,68,18,67,64,13,70,91,87,7,471
S75,0,0,0,0,0,0,0,0,0,0,0,0,0,0,0,0,0,0,0,0,0,0,0,0,0,0,0,0,0,0,28,28,48,18,87,79,82,24,6,92,32,68,92,8,5,5,20,9,83,63,99,81,97,27,32,86,28,10,69,81,413
S76,0,0,0,0,0,0,0,0,0,0,0,0,0,0,0,0,0,0,0,0,0,0,0,0,0,0,0,0,0,0,97,94,16,79,86,72,83,85,47,8,48,24,15,16,71,53,56,76,57,65,13,86,48,19,83,75,10,23,6,30,358
S77,0,0,0,0,0,0,0,0,0,0,0,0,0,0,0,0,0,0,0,0,0,0,0,0,0,0,0,0,0,0,14,73,55,99,76,63,53,10,11,64,5,9,26,89,49,73,44,21,40,13,78,22,41,99,61,49,57,80,29,66,261
S78,0,0,0,0,0,0,0,0,0,0,0,0,0,0,0,0,0,0,0,0,0,0,0,0,0,0,0,0,0,0,88,59,47,18,28,95,56,33,35,60,56,72,29,67,47,95,20,19,49,53,71,43,92,50,17,16,98,17,95,31,429
S79,0,0,0,0,0,0,0,0,0,0,0,0,0,0,0,0,0,0,0,0,0,0,0,0,0,0,0,0,0,0,13,34,64,46,80,63,43,65,98,44,19,44,85,25,96,61,62,35,93,8,33,45,50,50,19,26,14,59,38,59,318
S80,0,0,0,0,0,0,0,0,0,0,0,0,0,0,0,0,0,0,0,0,0,0,0,0,0,0,0,0,0,0,61,72,57,67,61,67,64,35,28,80,37,57,23,46,55,65,55,39,97,54,82,75,58,90,17,93,86,53,75,54,277
S81,0,0,0,0,0,0,0,0,0,0,0,0,0,0,0,0,0,0,0,0,0,0,0,0,0,0,0,0,0,0,30,81,28,35,54,85,41,52,8,16,10,11,88,85,83,10,12,31,59,37,51,21,75,35,11,76,91,6,46,84,280
S82,0,0,0,0,0,0,0,0,0,0,0,0,0,0,0,0,0,0,0,0,0,0,0,0,0,0,0,0,0,0,72,87,44,40,73,19,27,62,69,16,53,40,53,97,12,100,48,79,45,34,78,71,18,72,77,42,93,66,37,6,191
S83,0,0,0,0,0,0,0,0,0,0,0,0,0,0,0,0,0,0,0,0,0,0,0,0,0,0,0,0,0,0,69,25,77,55,49,20,73,20,45,85,93,99,96,58,24,85,81,100,67,18,53,48,85,42,36,12,85,77,8,46,136
S84,0,0,0,0,0,0,0,0,0,0,0,0,0,0,0,0,0,0,0,0,0,0,0,0,0,0,0,0,0,0,51,50,93,19,34,22,28,92,95,9,65,27,23,33,23,52,100,61,74,52,6,13,30,28,85,85,86,66,58,67,322
S85,0,0,0,0,0,0,0,0,0,0,0,0,0,0,0,0,0,0,0,0,0,0,0,0,0,0,0,0,0,0,44,69,81,78,63,10,74,40,76,56,89,37,94,86,36,51,56,78,71,86,40,53,46,92,34,61,16,86,41,37,456
S86,0,0,0,0,0,0,0,0,0,0,0,0,0,0,0,0,0,0,0,0,0,0,0,0,0,0,0,0,0,0,60,52,86,56,54,15,7,43,100,93,65,65,42,22,5,37,35,23,29,7,63,94,71,48,45,34,18,62,59,5,125
S87,0,0,0,0,0,0,0,0,0,0,0,0,0,0,0,0,0,0,0,0,0,0,0,0,0,0,0,0,0,0,44,31,21,72,55,65,73,99,82,64,89,50,99,78,67,91,54,74,32,97,64,80,49,88,12,15,53,75,82,47,444
S88,0,0,0,0,0,0,0,0,0,0,0,0,0,0,0,0,0,0,0,0,0,0,0,0,0,0,0,0,0,0,67,58,97,67,45,98,15,99,19,32,83,75,98,76,66,38,5,16,33,8,53,79,97,52,89,99,87,49,36,98,431
S89,0,0,0,0,0,0,0,0,0,0,0,0,0,0,0,0,0,0,0,0,0,0,0,0,0,0,0,0,0,0,28,44,12,81,67,13,26,58,56,81,30,93,47,83,27,8,10,40,96,9,40,15,94,69,78,73,68,79,5,88,210
S90,0,0,0,0,0,0,0,0,0,0,0,0,0,0,0,0,0,0,0,0,0,0,0,0,0,0,0,0,0,0,76,75,42,81,41,9,92,27,14,64,27,87,47,5,96,54,30,70,55,7,77,43,72,90,63,69,29,27,44,86,353
S91,0,0,0,0,0,0,0,0,0,0,0,0,0,0,0,0,0,0,0,0,0,0,0,0,0,0,0,0,0,0,55,38,79,86,91,33,73,61,48,43,15,31,57,90,88,23,70,13,69,37,48,73,45,82,56,100,66,33,79,44,166
S92,0,0,0,0,0,0,0,0,0,0,0,0,0,0,0,0,0,0,0,0,0,0,0,0,0,0,0,0,0,0,56,18,16,60,22,100,87,72,75,62,10,42,52,92,26,52,38,17,14,40,12,11,38,24,58,6,33,48,97,65,403
S93,0,0,0,0,0,0,0,0,0,0,0,0,0,0,0,0,0,0,0,0,0,0,0,0,0,0,0,0,0,0,89,37,48,45,90,97,97,77,53,56,99,32,38,91,42,27,58,36,90,92,34,55,99,76,25,61,64,67,7,33,380
S94,0,0,0,0,0,0,0,0,0,0,0,0,0,0,0,0,0,0,0,0,0,0,0,0,0,0,0,0,0,0,87,28,33,35,22,19,38,88,5,32,10,58,29,81,61,80,65,47,87,50,96,100,61,69,29,83,69,91,30,80,242
S95,0,0,0,0,0,0,0,0,0,0,0,0,0,0,0,0,0,0,0,0,0,0,0,0,0,0,0,0,0,0,50,22,21,58,35,14,46,67,35,96,79,54,94,46,18,8,95,97,75,14,33,8,9,28,59,11,99,48,30,54,127
S96,0,0,0,0,0,0,0,0,0,0,0,0,0,0,0,0,0,0,0,0,0,0,0,0,0,0,0,0,0,0,80,35,9,9,86,15,66,41,79,10,91,72,48,24,98,33,52,42,27,44,19,5,32,15,44,87,20,5,15,53,489
S97,0,0,0,0,0,0,0,0,0,0,0,0,0,0,0,0,0,0,0,0,0,0,0,0,0,0,0,0,0,0,31,51,7,36,44,46,57,79,49,85,55,29,26,35,62,28,92,51,87,70,37,26,76,36,28,94,51,9,52,49,278
S98,0,0,0,0,0,0,0,0,0,0,0,0,0,0,0,0,0,0,0,0,0,0,0,0,0,0,0,0,0,0,87,73,23,19,62,9,35,18,6,93,13,5,94,23,83,8,19,15,72,64,50,28,13,59,27,61,70,86,52,5,458
S99,0,0,0,0,0,0,0,0,0,0,0,0,0,0,0,0,0,0,0,0,0,0,0,0,0,0,0,0,0,0,31,86,56,64,48,20,91,79,100,87,32,29,28,93,58,48,97,62,92,99,12,39,75,83,19,35,57,81,15,62,371
S100,0,0,0,0,0,0,0,0,0,0,0,0,0,0,0,0,0,0,0,0,0,0,0,0,0,0,0,0,0,0,33,25,54,44,66,35,84,12,87,7,75,38,41,6,72,20,68,74,86,72,33,75,84,35,16,90,19,62,27,17,412
Demand,381,530,298,359,649,682,804,453,477,532,378,346,535,399,641,514,729,657,444,729,714,486,431,647,350,383,277,704,638,660,381,530,298,359,649,682,804,453,477,532,378,346,535,399,641,514,729,657,444,729,714,486,431,647,350,383,277,704,638,660,31654
