Source,D1,D2,D3,D4,D5,D6,D7,D8,D9,D10,D11,D12,D13,D14,D15,D16,D17,D18,D19,D20,D21,D22,D23,D24,D25,D26,D27,D28,D29,D30,Supply
S1,31,79,58,49,53,59,8,18,28,15,47,69,67,50,87,59,12,78,60,65,59,58,13,58,81,34,62,7,38,46,135
S2,99,25,31,44,100,86,8,27,83,10,87,32,93,33,46,68,17,58,53,80,100,68,44,44,45,83,35,21,37,7,410
S3,15,13,79,74,71,49,73,20,91,53,95,19,52,71,52,47,20,41,27,33,70,65,63,39,97,13,37,16,37,97,362
S4,40,92,52,72,48,30,78,98,30,79,30,73,80,48,75,31,12,14,47,91,17,48,72,24,74,34,82,60,57,21,275
S5,49,87,6,77,52,74,68,46,34,65,18,61,14,67,65,13,77,44,80,8,22,52,23,36,68,18,70,14,21,61,273
S6,81,21,33,93,100,60,47,38,63,61,33,7,19,97,45,51,49,80,11,12,31,51,69,52,47,95,20,59,57,50,444
S7,82,30,96,36,57,54,86,47,32,7,39,84,5,91,57,18,34,58,35,15,68,69,16,31,28,68,75,74,95,78,134
S8,35,15,64,92,98,27,27,8,18,58,57,40,34,84,49,82,97,35,24,96,65,32,64,54,91,29,100,94,22,20,379
S9,56,9,33,46,98,100,19,90,13,76,86,90,26,90,16,54,50,35,7,79,37,68,44,40,90,14,75,76,41,30,180
S10,5,94,95,28,8,16,11,84,90,19,76,22,40,62,74,88,9,23,31,34,100,79,35,98,52,53,46,18,94,6,137
S11,21,27,31,17,6,70,98,16,33,53,94,71,78,60,45,24,87,82,7,73,13,75,84,17,46,16,59,94,12,43,311
S12,98,33,17,51,53,68,35,96,55,32,97,93,52,7,62,58,19,65,85,15,74,18,76,45,5,97,20,62,22,94,491
S13,75,82,46,49,65,80,86,6,68,15,32,84,29,81,49,27,37,55,78,63,94,88,77,62,32,44,16,40,93,45,395
S14,15,67,97,88,31,48,55,28,30,27,100,76,85,83,97,15,89,11,50,62,39,19,23,84,35,34,93,18,92,93,405
S15,62,20,19,32,60,19,48,16,56,7,73,10,23,21,84,10,46,61,54,70,82,42,84,35,99,53,75,89,81,86,387
S16,56,9,52,22,90,27,26,28,66,59,96,44,32,9,5,40,93,55,90,14,13,85,15,9,43,93,71,14,85,85,415
S17,81,91,28,99,35,81,60,79,65,66,64,79,75,17,84,56,36,54,97,87,85,49,80,41,70,66,28,30,10,18,305
S18,46,50,20,45,63,27,37,40,53,40,75,36,46,41,22,70,27,33,81,96,69,92,87,51,78,36,49,56,97,86,151
S19,51,67,24,82,58,56,78,65,11,32,21,75,8,24,62,71,53,87,93,17,96,63,66,14,64,74,60,13,55,94,436
S20,74,18,97,97,21,81,44,61,47,80,100,81,94,95,13,29,74,61,9,14,54,64,21,21,17,59,5,59,50,49,280
S21,70,55,74,78,93,81,54,52,27,62,18,94,86,16,80,16,74,13,51,68,74,45,93,79,24,69,75,37,75,91,300
S22,83,78,65,30,81,39,56,35,35,20,97,19,13,94,58,47,75,41,17,75,21,58,96,94,39,79,63,51,18,41,248
S23,67,99,5,73,86,96,45,16,31,86,89,66,16,16,50,61,8,70,57,6,14,48,74,84,46,33,97,49,35,47,173
S24,6,33,54,93,75,80,57,15,42,100,9,89,70,32,79,85,9,15,68,100,7,68,18,67,64,13,70,91,87,7,471
S25,28,28,48,18,87,79,82,24,6,92,32,68,92,8,5,5,20,9,83,63,99,81,97,27,32,86,28,10,69,81,413
S26,97,94,16,79,86,72,83,85,47,8,48,24,15,16,71,53,56,76,57,65,13,86,48,19,83,75,10,23,6,30,358
S27,14,73,55,99,76,63,53,10,11,64,5,9,26,89,49,73,44,21,40,13,78,22,41,99,61,49,57,80,29,66,261
S28,88,59,47,18,28,95,56,33,45,60,56,72,29,67,47,95,20,19,49,53,71,43,92,50,17,16,98,17,95,31,429
S29,13,34,64,46,80,63,43,65,98,44,19,44,85,25,96,61,62,35,93,8,33,45,50,50,19,26,14,59,38,59,318
S30,61,72,57,67,61,67,64,35,28,80,37,57,23,46,55,65,55,39,97,54,82,75,58,90,17,93,86,53,75,54,277
S31,30,81,28,35,54,85,41,52,8,16,10,11,88,85,83,10,12,31,59,37,51,21,75,35,11,76,91,6,46,84,280
S32,72,87,44,40,73,19,27,62,69,16,53,40,53,97,12,100,48,79,45,34,78,71,18,72,77,42,93,66,37,6,191
S33,69,25,77,55,49,20,73,20,45,85,93,99,96,58,24,85,81,100,67,18,53,48,85,42,36,12,85,77,8,46,136
S34,51,50,93,19,34,22,28,92,95,9,65,27,23,33,23,52,100,61,74,52,6,13,30,28,85,85,86,66,58,67,322
S35,44,69,81,78,63,10,74,40,76,56,89,37,94,86,36,51,56,78,71,86,40,53,46,92,34,61,16,86,41,37,456
S36,60,52,86,56,54,15,7,43,100,93,65,65,42,22,5,37,35,23,29,7,63,94,71,48,45,34,18,62,59,5,125
S37,44,31,21,72,55,65,73,99,82,64,89,50,99,78,67,91,54,74,32,97,64,80,49,88,12,15,53,75,82,47,444
S38,67,58,97,67,45,98,15,99,19,32,83,75,98,76,66,38,5,16,33,8,53,79,97,52,89,99,87,49,36,98,431
S39,28,44,12,81,67,13,26,58,56,81,30,93,47,83,27,8,10,40,96,9,40,15,94,69,78,73,68,79,5,88,210
S40,76,75,42,81,41,9,92,27,14,64,27,87,47,5,96,54,30,70,55,7,77,43,72,90,63,69,29,27,44,86,353
S41,55,38,79,86,91,33,73,61,48,43,15,31,57,90,88,23,70,13,69,37,48,73,45,82,56,100,66,33,79,44,166
S42,56,18,16,60,22,100,87,72,75,62,10,42,52,92,26,52,38,17,14,40,12,11,38,24,58,6,33,48,97,65,403
S43,89,37,48,45,90,97,97,77,53,56,99,32,38,91,42,27,58,36,90,92,34,55,99,76,25,61,64,67,7,33,380
S44,87,28,33,35,22,19,38,88,5,32,10,58,29,81,61,80,65,47,87,50,96,100,61,69,29,83,69,91,30,80,242
S45,50,22,21,58,35,14,46,67,35,96,79,54,94,46,18,8,95,97,75,14,33,8,9,28,59,11,99,48,30,54,127
S46,80,35,9,9,86,15,66,41,79,10,91,72,48,24,98,33,52,42,27,44,19,5,32,15,44,87,20,5,15,53,489
S47,31,51,7,36,44,46,57,79,49,85,55,29,26,35,62,28,92,51,87,70,37,26,76,36,28,94,51,9,52,49,278
S48,87,73,23,19,62,9,35,18,6,93,13,5,94,23,83,8,19,15,72,64,50,28,13,59,27,61,70,86,52,5,458
S49,31,86,56,64,48,20,91,79,100,87,32,29,28,93,58,48,97,62,92,99,12,39,75,83,19,35,57,81,15,62,371
S50,33,25,54,44,66,35,84,12,87,7,75,38,41,6,72,20,68,74,86,72,33,75,84,35,16,90,19,62,27,17,412
Demand,381,530,298,359,649,682,804,453,477,532,378,346,535,399,641,514,729,657,444,729,714,486,431,647,350,383,277,704,638,660,
,,,,,,,,,,,,,,,,,,,,,,,,,,,,,,,
,,,,,,,,,,,,,,,,,,,,,,,,,,,,,,,
fcost,1810,2210,1950,2030,1770,2060,1350,900,880,920,1390,2310,2320,1160,2200,2110,710,2370,1420,1840,2100,1570,940,1550,2330,1160,2320,950,1450,1590,
,2470,1330,1370,2060,2710,2480,1220,1430,1990,1540,2170,1100,2640,1060,1950,2030,770,1310,1640,1640,2040,1930,2030,1530,1880,2560,1750,1340,1400,1020,
,890,1090,1960,1760,2460,1150,1590,890,2730,1890,2710,880,1900,1830,1670,1110,1320,1840,1470,1050,1980,1640,2310,1860,2040,1100,1890,1490,1660,2490,
,1040,2520,1650,1570,1360,1390,2300,2380,1460,2460,1540,1860,2240,1720,1630,920,1240,1000,1700,2090,880,1270,1860,1580,1910,1290,2200,2280,1650,1300,
,1570,2310,940,2190,1730,2190,2380,1240,1470,1820,1030,1550,660,1810,2200,690,1960,2030,2550,740,740,1850,760,1240,1920,1540,1540,1270,1250,1450,
,2460,1560,1380,2740,2510,2200,2060,1540,1620,1460,1460,700,1440,2780,1320,1720,1180,1780,940,1460,1830,1810,2020,1750,1160,2200,1680,1700,1470,1390,
,2340,890,2810,1820,1820,1680,2450,1650,1360,830,1430,2410,530,1790,1980,1040,1710,1300,1830,750,1840,2400,750,1520,1550,1850,1600,2030,2260,2440,
,1610,970,1420,2370,2150,1490,1670,880,1570,1790,1780,1760,1700,2570,2130,1780,2270,1860,1070,1840,1950,1630,2100,2020,2410,970,2750,2230,1580,1520,
,2210,550,1760,1720,2360,2690,1640,2260,680,2260,1920,1980,980,1950,1550,1570,1260,1100,900,1930,1260,2370,1930,1570,2740,950,1660,1810,1100,1800,
,690,2250,2030,1800,680,1160,1520,2180,2650,1580,2310,1470,1580,1910,2340,2150,1480,1620,1240,1320,2610,2510,1020,1940,1430,1620,1250,1190,2350,1440,
,1460,1060,1650,1460,1170,2130,2180,1360,1030,1820,2730,2440,1870,1630,1690,1160,2440,1830,670,1540,1060,1740,1960,1570,1900,1480,1880,1920,1330,1650,
,2780,1370,830,1760,1650,2080,1300,2150,1350,1840,2610,2260,1410,1130,1740,1900,780,1560,2410,690,2190,1080,1540,1840,1170,2670,1600,2060,1570,1920,
,2440,2540,1780,1940,2120,2480,2580,1010,2240,1540,1180,1710,1000,1640,1570,820,1210,1480,2280,1590,2760,1910,2530,1900,1120,1100,940,1590,1900,1240,
,740,2080,1940,1740,1320,1430,1800,1760,1710,1340,2540,2350,2110,2300,2070,1240,1970,760,1910,1900,1360,720,980,2460,1390,1870,2700,1520,1800,1840,
,1910,1040,1530,1200,1450,800,1420,1270,1370,1300,1800,860,1410,1580,2100,1350,1390,1440,2040,2220,2380,1910,2160,1120,2470,1770,1910,2370,1880,2300,
,2030,630,1630,1390,1800,1440,1700,1640,2080,2090,2200,1390,960,1260,790,1870,2260,2120,1890,770,940,1700,1120,1180,1710,2010,1630,1170,2310,2620,
,2510,2140,980,2140,1810,2070,2290,2240,1970,1490,1950,1960,2370,790,1850,1900,1620,2040,2380,2080,1980,1510,2260,1550,1740,1600,1530,1100,760,1000,
,1940,1610,1290,1160,1690,1560,1730,1580,2070,1300,1690,1020,1290,1780,1630,1580,1310,1030,2460,1970,2080,1860,2440,2070,2300,1210,1980,1550,2610,2520,
,1650,2020,1620,1820,1290,1670,1750,2260,1430,1260,1020,2240,970,860,1990,2190,1260,2480,2330,1480,2690,2020,1720,980,2080,1570,1530,1110,2170,2570,
,2320,860,2140,2120,1460,2150,1270,2060,1740,2500,2460,1740,2700,2010,650,1630,1960,1960,660,1330,1620,2360,1350,1650,1450,2130,560,2060,1750,1530,
,1760,1870,1710,1750,2670,2370,1800,1940,1130,2050,880,2250,1840,1020,1940,1060,1990,630,1510,2260,1940,1620,1900,1970,1730,1980,1540,1680,2290,2150,
,1680,2400,1630,1770,1980,1370,2030,1060,950,1460,2780,1680,720,1960,1610,1820,2440,1840,1030,2440,970,1390,2270,1900,1660,2570,1450,1280,850,1190,
,1940,2460,1420,1940,2620,2590,1930,830,1320,2600,2490,1610,1480,1410,1300,1380,780,1920,1410,520,720,1430,1900,1970,1540,1610,2100,1590,1650,1160,
,1430,1890,1500,2680,1780,2520,1920,870,1090,2290,1280,1960,1960,1000,2010,1710,1520,1130,2260,2020,670,1600,1240,2260,1970,1080,2390,1950,1870,1170,
,1670,1080,1380,1200,2480,1870,2450,1280,1200,2410,1360,1960,2770,920,1420,1260,880,1410,2030,1520,2140,1750,2190,920,1420,2670,1780,1490,1680,1840,
,2530,2780,1470,1790,2430,1990,2090,2170,1650,1430,1910,800,1390,960,1800,1790,2220,1610,1770,1610,1510,2160,1980,1560,1740,2280,1340,1570,1480,1610,
,1440,2200,1520,2730,2240,2030,2170,1280,900,1660,800,700,870,2490,1920,1660,1450,1630,1840,1190,2540,1060,1860,2820,1910,1290,1550,2110,1110,1480,
,1890,2250,1490,1240,1260,2630,1340,1180,1660,2100,1700,2180,1640,2050,1920,2780,920,1120,1360,1610,1470,1740,2020,1980,1370,980,2320,1320,2240,1070,
,640,1460,1890,1860,1730,1410,1780,2100,2670,1080,1340,2020,2440,1240,2320,1720,1380,1640,2330,1040,1830,1800,2110,1230,1640,1350,1010,1840,1010,2220,
,1940,1520,2170,1860,1430,2040,1430,1480,1580,1670,1740,1850,1070,1310,1240,1570,1510,1860,2370,1410,2370,1980,2100,2500,1590,2500,1800,1750,1950,2020,
,1000,2080,1640,1540,1250,2490,1380,1860,1170,1280,970,970,1820,2230,1940,950,750,1610,2210,1340,1590,1180,1600,1680,1440,2040,1830,830,1250,2490,
,2280,2080,1440,1840,1580,1470,1770,1780,2190,1350,2090,1030,1900,2240,1440,2760,1410,2160,1570,1470,2400,2130,1430,2160,1800,1610,2170,1810,1070,670,
,1780,1070,2190,1520,1380,1130,2060,1700,1580,2030,2120,2330,2770,1640,1010,2260,2390,2850,1690,1560,2050,1500,2010,1300,1260,1460,1980,2050,1450,1780,
,1300,1220,2020,1550,1140,1040,1360,2270,1900,730,2370,1220,1020,1720,1210,2010,2060,1790,2320,1950,1170,1050,1670,1190,2330,2220,1990,1590,1800,1720,
,1580,2140,2420,2340,1860,610,1690,1730,2140,2060,2220,1400,2050,1750,1080,1850,1820,1820,1830,2330,1380,1570,1360,2420,1800,1570,930,2170,1200,1480,
,2180,1810,1850,1440,1290,1590,850,1330,2760,2100,1610,1630,1430,800,1120,1380,1900,1520,1220,1210,2150,2000,1620,1260,1120,1230,1460,2100,1660,960,
,1830,1790,1000,2140,1820,2000,2300,2650,2020,2110,1790,1490,2100,1830,2310,2200,1280,2000,950,2000,1740,2040,1370,2360,1080,760,2020,1660,1990,1280,
,2350,1550,2720,2370,1290,1900,640,2070,1080,1040,2600,2000,2720,1560,1520,1430,640,800,920,790,1960,2380,2360,1360,2180,2500,1850,1540,1760,2290,
,1290,1880,1250,1780,2010,1520,1000,2160,1830,2280,1180,1840,1130,2310,1790,1120,910,1770,2780,750,1100,1580,1860,2320,1710,1610,1700,1900,800,1750,
,2390,2360,1710,2530,1950,1520,2160,1420,1370,2020,1600,2380,1490,1040,2040,2160,1740,2060,1990,840,1940,1560,1740,1770,1740,2160,1100,1500,1660,2110,
,1950,1820,2540,2440,1860,1230,2020,1390,1540,1180,1180,1050,1530,2050,2690,1190,2000,1520,1450,1230,1540,2390,1800,2310,1620,2750,1580,1300,1940,1060,
,1330,1460,1580,1540,810,2040,1760,2280,1570,2020,1340,1240,1410,2050,1550,2120,1720,920,1330,1700,1000,690,1280,1580,1790,610,1810,1640,2200,1410,
,2310,1500,1270,1920,2250,1940,2050,1830,1940,2000,2710,1490,1880,2080,1610,1430,1640,1390,2460,2640,1830,1520,2600,2300,1710,1950,1560,2140,680,1270,
,2190,1540,1060,1620,870,1070,1090,1750,800,1840,1110,1980,1060,1820,2220,2330,1860,1380,2570,1620,1890,2760,1730,1880,1220,1930,2040,2070,1360,1680,
,1980,950,1320,1540,1110,780,1800,1470,1720,2300,2040,1420,2170,1830,1560,1440,2450,2130,1600,1180,1450,1030,1060,900,1680,690,2740,2000,1670,1680,
,2400,1730,880,600,2530,1220,1840,1880,2540,1420,1780,1480,1610,1280,2100,1260,1740,1790,1560,1130,1070,740,1170,1440,1490,2170,1680,930,1380,2160,
,1840,1480,910,980,1810,1480,1270,1740,1310,1760,1300,1400,1020,1880,1900,1400,2300,1810,2490,1770,1570,1360,2220,1690,1580,2400,1240,1340,2150,1680,
,2140,1690,1200,1270,2100,1020,1110,840,1020,2410,1480,1290,2390,880,2470,1060,1530,1360,1800,1760,1560,1090,1360,1660,1500,1860,1860,2380,1350,1030,
,1010,1800,2070,2180,1790,1620,2370,1690,2280,1950,1600,1010,1420,2640,1450,2030,2560,1370,2310,2220,1280,1180,2020,2110,1180,1850,2200,1680,1410,1500,
,1050,1260,2180,1580,1980,1670,2140,1020,2400,650,2400,1320,1600,1470,2240,1450,2240,1630,2130,2290,1160,1840,2540,1710,890,1760,1170,2200,1350,820,
