D,a,Idleness Percentage
0,1.5,0.99609375
0,2.0,0.96875
0,3.0,0.810546875
0,4.0,0.5390625
0,5.0,0.408203125
10,1.5,1.0
10,2.0,0.96875
10,3.0,0.78515625
10,4.0,0.58203125
10,5.0,0.373046875
20,1.5,1.0
20,2.0,0.97265625
20,3.0,0.771484375
20,4.0,0.544921875
20,5.0,0.43359375
25,1.5,0.998046875
25,2.0,0.9765625
25,3.0,0.771484375
25,4.0,0.580078125
25,5.0,0.47265625
30,1.5,1.0
30,2.0,0.966796875
30,3.0,0.81640625
30,4.0,0.57421875
30,5.0,0.4140625
40,1.5,0.998046875
40,2.0,0.95703125
40,3.0,0.810546875
40,4.0,0.54296875
40,5.0,0.396484375
50,1.5,0.99609375
50,2.0,0.978515625
50,3.0,0.791015625
50,4.0,0.5703125
50,5.0,0.384765625
