t,g_t
1,3.0
2,2.225071162911367
3,2.2787548747495947
4,2.298824730010268
5,2.3940249471771757
6,2.4802250809348703
7,2.5403667146007116
8,2.5277137375776277
9,2.524162158293393
10,2.528322908738865
11,2.544142583346396
12,2.5636625390981216
13,2.580930633062845
14,2.5929284948698665
15,2.599372200293871
16,2.6013147210466627
17,2.6003142649055846
18,2.5978680581905635
19,2.59512890222355
20,2.5928097946029993
21,2.591223528601624
22,2.590389873571084
23,2.5901590397586816
24,2.590317612519854
25,2.590661936984617
26,2.5910374135488468
27,2.5913501730691166
28,2.5915606758154865
29,2.5916684837172568
30,2.5916953093017128
31,2.591670717206526
32,2.5916223794535114
33,2.591570983232913
34,2.5915288520215825
35,2.591500956215441
36,2.591487055558133
37,2.591484021882792
38,2.591487766885038
39,2.591494534873732
40,2.59150156087712
41,2.5915072300252007
42,2.591510921525213
43,2.5915127080817655
44,2.5915130380487454
45,2.591512475807491
46,2.591511530505315
47,2.5915105712595192
48,2.591509809267734
49,2.5915093214850913
50,2.591509092686181
51,2.5915090589028296
52,2.5915091423501337
53,2.591509274082455
54,2.5915094048830554
55,2.591509507188448
56,2.591509571543554
57,2.591509600729893
58,2.591509603836812
59,2.5915095915681547
60,2.5915095732497093
61,2.591509555435806
62,2.591509541715652
63,2.5915095332386215
64,2.5915095295318906
65,2.5915095293086097
66,2.5915095310981258
67,2.591509533640334
68,2.5915095360635405
69,2.5915095379014588
70,2.591509539016215
71,2.5915095394846617
72,2.5915095394883565
73,2.5915095392290937
74,2.591509538876977
75,2.591509538547683
76,2.591509538301807
77,2.591509538155492
78,2.5915095380966022
79,2.5915095380996718
80,2.591509538136961
81,2.591509538185676
82,2.591509538230383
83,2.5915095382632387
84,2.591509538282395
85,2.5915095382897846
86,2.5915095382888467
87,2.5915095382835602
88,2.591509538276796
89,2.5915095382707136
90,2.591509538266365
91,2.5915095382638356
92,2.591509538262926
93,2.591509538263125
94,2.5915095382638924
95,2.591509538264802
96,2.5915095382656546
97,2.591509538266223
98,2.591509538266507
99,2.5915095382666777
100,2.591509538266621
101,2.591509538266507
102,2.5915095382663935
103,2.59150953826628
104,2.591509538266223
105,2.5915095382661093
106,2.591509538266166
107,2.591509538266166
108,2.5915095382661093
109,2.591509538266166
110,2.591509538266166
111,2.591509538266223
112,2.591509538266223
113,2.591509538266223
114,2.591509538266223
115,2.591509538266223
116,2.591509538266166
117,2.591509538266223
118,2.591509538266166
119,2.591509538266223
120,2.591509538266223
121,2.591509538266223
122,2.591509538266223
123,2.591509538266223
124,2.591509538266223
125,2.591509538266166
126,2.591509538266166
127,2.591509538266223
128,2.591509538266223
129,2.591509538266223
130,2.591509538266223
131,2.591509538266223
132,2.591509538266166
133,2.591509538266166
134,2.591509538266223
135,2.591509538266223
136,2.591509538266223
137,2.591509538266166
138,2.591509538266166
139,2.591509538266223
140,2.591509538266223
141,2.591509538266223
142,2.591509538266223
143,2.591509538266223
144,2.591509538266223
145,2.591509538266223
146,2.591509538266223
147,2.591509538266223
148,2.591509538266166
149,2.591509538266166
150,2.591509538266223
151,2.591509538266223
152,2.591509538266166
153,2.591509538266223
154,2.591509538266223
155,2.591509538266166
156,2.591509538266223
157,2.591509538266223
158,2.591509538266223
159,2.591509538266223
160,2.591509538266166
161,2.591509538266223
162,2.591509538266223
163,2.591509538266166
164,2.591509538266223
165,2.591509538266223
166,2.591509538266223
167,2.591509538266223
168,2.591509538266223
169,2.591509538266223
170,2.591509538266223
171,2.591509538266223
172,2.591509538266166
173,2.591509538266166
174,2.591509538266223
175,2.591509538266223
176,2.591509538266223
177,2.591509538266223
178,2.591509538266223
179,2.591509538266223
180,2.591509538266223
181,2.591509538266223
182,2.591509538266223
183,2.591509538266223
184,2.591509538266166
185,2.591509538266166
186,2.591509538266223
187,2.591509538266223
188,2.591509538266223
189,2.591509538266166
190,2.591509538266223
191,2.591509538266166
192,2.591509538266223
193,2.591509538266223
194,2.591509538266223
195,2.591509538266166
196,2.591509538266223
197,2.591509538266166
198,2.591509538266223
199,2.591509538266223
200,2.591509538266223
201,2.591509538266223
202,2.591509538266223
203,2.591509538266223
204,2.591509538266223
205,2.591509538266223
206,2.591509538266223
207,2.591509538266223
208,2.591509538266223
209,2.5915095382663367
210,2.591509538266223
211,2.591509538266223
212,2.591509538266223
213,2.591509538266223
214,2.591509538266223
215,2.591509538266223
216,2.5915095382663367
217,2.5915095382661093
218,2.591509538266223
219,2.591509538266223
220,2.591509538266223
221,2.591509538266223
222,2.5915095382663367
223,2.591509538266223
224,2.591509538266223
225,2.591509538266223
226,2.591509538266223
227,2.591509538266223
228,2.591509538266223
229,2.5915095382663367
230,2.5915095382661093
231,2.5915095382663367
232,2.5915095382661093
233,2.591509538266223
234,2.591509538266223
235,2.5915095382663367
236,2.5915095382661093
237,2.5915095382663367
238,2.5915095382661093
239,2.5915095382663367
240,2.5915095382661093
241,2.591509538266223
242,2.591509538266223
243,2.5915095382663367
244,2.5915095382661093
245,2.5915095382663367
246,2.591509538266223
247,2.591509538266223
248,2.591509538266223
249,2.591509538266223
250,2.591509538266223
251,2.591509538266223
252,2.5915095382663367
253,2.591509538266223
254,2.591509538266223
255,2.5915095382663367
256,2.5915095382661093
257,2.591509538266223
258,2.591509538266223
259,2.591509538266223
260,2.591509538266223
261,2.5915095382663367
262,2.591509538266223
263,2.591509538266223
264,2.5915095382663367
265,2.5915095382661093
266,2.5915095382663367
267,2.5915095382661093
268,2.5915095382663367
269,2.5915095382661093
270,2.5915095382663367
271,2.591509538266223
272,2.591509538266223
273,2.5915095382663367
274,2.5915095382661093
275,2.5915095382663367
276,2.5915095382661093
277,2.5915095382663367
278,2.591509538266223
279,2.591509538266223
280,2.591509538266223
281,2.591509538266223
282,2.5915095382663367
283,2.5915095382663367
284,2.591509538266223
285,2.591509538266223
286,2.5915095382661093
287,2.5915095382663367
288,2.591509538266223
289,2.591509538266223
290,2.5915095382663367
291,2.591509538266223
292,2.591509538266223
293,2.591509538266223
294,2.591509538266223
295,2.5915095382663367
296,2.5915095382661093
297,2.5915095382663367
298,2.591509538266223
299,2.591509538266223
300,2.591509538266223
