w,rho,iters,n_passive
-10000.0,-9995.869705602243,397,0
-9500.0,-9495.869705602243,397,0
-9000.0,-8995.869705602243,397,0
-8500.0,-8495.869705602243,397,0
-8000.0,-7995.869705602244,397,0
-7500.0,-7495.869705602244,397,0
-7000.0,-6995.869705602244,397,0
-6500.0,-6495.869705602244,397,0
-6000.0,-5995.869705602244,397,0
-5500.0,-5495.869705602244,397,0
-5000.0,-4995.869705602244,397,0
-4500.0,-4495.869705602244,397,0
-4000.0,-3995.8697056022434,397,0
-3500.0,-3495.8697056022434,397,0
-3000.0,-2995.8697056022434,397,0
-2500.0,-2495.8697056022434,397,0
-2000.0,-1995.8697056022434,397,0
-1500.0,-1495.8697056022434,397,0
-1000.0,-995.8697056022432,397,0
-500.0,-495.8697056022433,397,0
0.0,2.5915095382638413,90,28
500.0,3.0,57,32
1000.0,3.0,57,32
1500.0,3.0,57,32
2000.0,3.0,57,32
2500.0,3.0,57,32
3000.0,3.0,57,32
3500.0,3.0,57,32
4000.0,3.0,57,32
4500.0,3.0,57,32
5000.0,3.0,57,32
5500.0,3.0,57,32
6000.0,3.0,57,32
6500.0,3.0,57,32
7000.0,3.0,57,32
7500.0,3.0,57,32
8000.0,3.0,57,32
8500.0,3.0,57,32
9000.0,3.0,57,32
9500.0,3.0,57,32
10000.0,3.0,57,32
