City Name,Location,Year,Month,Monthly_mean_average_concentration_PM2.5,Monthly_mean_concentration_PM10,Monthly_mean_concentration_NO2,Monthly_mean_concentration_SO2,Monthly_mean_concentration_O3,No_of_AQM_Sensors_deployed,,,,,,,,,,,,,,,,,
Surat,Limbayat,2018,1,78.05,129.37,26.00,32.22,22.63,1,,,,,,,,,,,,,,,,,
Surat,Limbayat,2018,2,90.65,137.12,21.51,33.47,22.76,1,,,,,,,,,,,,,,,,,
Surat,Limbayat,2018,3,38.31,83.90,11.56,38.64,25.93,1,,,,,,,,,,,,,,,,,
Surat,Limbayat,2018,4,15.09,17.56,16.74,24.78,61.22,1,,,,,,,,,,,,,,,,,
Surat,Limbayat,2018,5,20.41,30.65,38.05,14.84,17.42,1,,,,,,,,,,,,,,,,,
Surat,Limbayat,2018,6,48.15,75.96,22.50,26.27,30.70,1,,,,,,,,,,,,,,,,,
Surat,Limbayat,2018,7,41.56,67.08,9.35,18.75,13.34,1,,,,,,,,,,,,,,,,,
Surat,Limbayat,2018,8,30.37,51.16,6.56,32.00,22.15,1,,,,,,,,,,,,,,,,,
Surat,Limbayat,2018,9,14.24,18.23,3.03,31.12,30.92,1,,,,,,,,,,,,,,,,,
Surat,Limbayat,2018,10,11.11,24.58,11.01,29.65,48.63,1,,,,,,,,,,,,,,,,,
Surat,Limbayat,2018,11,56.73,62.36,14.46,18.21,37.46,1,,,,,,,,,,,,,,,,,
Surat,Limbayat,2018,12,57.31,25.75,15.19,24.47,32.42,1,,,,,,,,,,,,,,,,,
